{"authorDailyContributionsMap":{"Goh Wei Jie":[{"date":"2026-01-27T00:00:00","commitResults":[{"hash":"7868869fbcad56f8f91dec39d27d5676df31fdeb","isMergeCommit":true,"messageTitle":"Merge branch \u0027nus-cs2103de-ay2526s2:master\u0027 into master","messageBody":"","fileTypesAndContributionMap":{}}]},{"date":"2026-02-21T00:00:00","commitResults":[{"hash":"d40665454de8b5b41c26137a054e53e1467bd755","isMergeCommit":true,"messageTitle":"Merge pull request #1 from WEIJIE-01/branch-A-Assertions","messageBody":"Branch a assertions","fileTypesAndContributionMap":{}}]},{"date":"2026-02-22T00:00:00","commitResults":[{"hash":"b2c405c82f445c4da4a5bf2196194d3f870f1344","isMergeCommit":true,"messageTitle":"Merge branch \u0027master\u0027 into branch-A-CodeQuality","messageBody":"","fileTypesAndContributionMap":{}},{"hash":"7c6458ea5eb1bf72d5bebb3fc2f9faf839e719af","isMergeCommit":true,"messageTitle":"Merge pull request #2 from WEIJIE-01/branch-A-CodeQuality","messageBody":"Edit ui and star class to improve readability","fileTypesAndContributionMap":{}},{"hash":"7d7bc88bfa596a8fd869564197dcf4a6169480e0","isMergeCommit":true,"messageTitle":"Merge branch \u0027master\u0027 into branch-A-Streams","messageBody":"","fileTypesAndContributionMap":{}},{"hash":"223ff1d08c9b893ddd6c2d8b9ed6e127a8adf7cd","isMergeCommit":true,"messageTitle":"Merge pull request #3 from WEIJIE-01/branch-A-Streams","messageBody":"Create printtasks stream","fileTypesAndContributionMap":{}}]}],"WEIJIE01":[{"date":"2026-01-26T00:00:00","commitResults":[{"hash":"2f4b0bc7df26b3530778bbfff2ecfdca8bd99578","isMergeCommit":false,"messageTitle":"Level-0: Rename, Greet, Exit","messageBody":"","fileTypesAndContributionMap":{"java":{"insertions":12,"deletions":10},"md":{"insertions":1,"deletions":1}}}]},{"date":"2026-01-28T00:00:00","commitResults":[{"hash":"f5295027e5da44262fad17f497cd6140031ce040","isMergeCommit":false,"messageTitle":"Level 3: Mark as Done","messageBody":"","tags":["level-3"],"fileTypesAndContributionMap":{"java":{"insertions":122,"deletions":21}}}]},{"date":"2026-02-03T00:00:00","commitResults":[{"hash":"374aee1875efadd4fe389ea0b7f9d3200314c2c9","isMergeCommit":false,"messageTitle":"Split Ui into Command,Logic Controller Rename Parser to Message","messageBody":"","tags":["A-MoreOOP"],"fileTypesAndContributionMap":{"java":{"insertions":191,"deletions":92}}},{"hash":"f11861d29c4a20969bd07aed85942f045ef32386","isMergeCommit":false,"messageTitle":"level-4: ToDo, Event, Deadline","messageBody":"","fileTypesAndContributionMap":{"java":{"insertions":103,"deletions":54}}},{"hash":"e2bf2899cb2d3e23b2c754f7fbc55c6dc667e6c2","isMergeCommit":false,"messageTitle":"Fixed event bug","messageBody":"","fileTypesAndContributionMap":{"txt":{"insertions":9,"deletions":0},"java":{"insertions":95,"deletions":33}}},{"hash":"f06dd8bcabcebd06f726123ecd42f8118e8a5d68","isMergeCommit":false,"messageTitle":"A-TextUiTesting: Automated Text UI Testing","messageBody":"","fileTypesAndContributionMap":{"txt":{"insertions":2,"deletions":1},"java":{"insertions":22,"deletions":18}}},{"hash":"d19c11978eee23c11760100b91121d0a48774ae3","isMergeCommit":false,"messageTitle":"Level-5: Handle Errors","messageBody":"","fileTypesAndContributionMap":{"txt":{"insertions":7,"deletions":3},"java":{"insertions":73,"deletions":47}}},{"hash":"dcb7dd8f3431510ba15b86051c1acc235df104f2","isMergeCommit":false,"messageTitle":"Level-6: Delete","messageBody":"","fileTypesAndContributionMap":{"txt":{"insertions":3,"deletions":0},"java":{"insertions":48,"deletions":19}}},{"hash":"8a46785d46e140977d7669ff411a51fadf30c1dc","isMergeCommit":false,"messageTitle":"Assign classes to package","messageBody":"","tags":["A-Packages"],"fileTypesAndContributionMap":{"java":{"insertions":243,"deletions":155}}}]},{"date":"2026-02-04T00:00:00","commitResults":[{"hash":"db43b1fc8f29736096adb91a91c9bbad117caeb5","isMergeCommit":false,"messageTitle":"Implemented Level-7","messageBody":"","fileTypesAndContributionMap":{"txt":{"insertions":11,"deletions":0},"java":{"insertions":82,"deletions":3}}},{"hash":"cebd23834dec04b0a3589ced7e87f829ea59b481","isMergeCommit":false,"messageTitle":"Specify OS independent filepath","messageBody":"","fileTypesAndContributionMap":{"java":{"insertions":1,"deletions":1}}},{"hash":"3e2aa6722d9e3e9ec15806afa06aa2baf815ec32","isMergeCommit":true,"messageTitle":"Merge branch \u0027branch-Level-7\u0027 into master","messageBody":"","fileTypesAndContributionMap":{}}]},{"date":"2026-02-05T00:00:00","commitResults":[{"hash":"7fba7ec05a34e817013653249481197e96061242","isMergeCommit":false,"messageTitle":"Edited to coding standards","messageBody":"","fileTypesAndContributionMap":{"java":{"insertions":146,"deletions":73}}},{"hash":"1bc0b2bf2411cbe3e6871a722f21abd6aa8cf343","isMergeCommit":false,"messageTitle":"Change string date time to LocalDateTime","messageBody":"","fileTypesAndContributionMap":{"txt":{"insertions":9,"deletions":2},"java":{"insertions":63,"deletions":15}}},{"hash":"7f2ad48aff989c4a0f834f418b6a5e7beb149966","isMergeCommit":false,"messageTitle":"Level-8: Dates and Times","messageBody":"","fileTypesAndContributionMap":{"txt":{"insertions":2,"deletions":0},"java":{"insertions":7,"deletions":4}}},{"hash":"285746f0d728880ee4427b174039ba948d6b1620","isMergeCommit":true,"messageTitle":"Merge branch \u0027branch-Level-8\u0027","messageBody":"","tags":["Level-8"],"fileTypesAndContributionMap":{}}]},{"date":"2026-02-07T00:00:00","commitResults":[{"hash":"593fd155c097827caf5aba7f92729e5ba874c449","isMergeCommit":false,"messageTitle":"Use Gradle","messageBody":"","fileTypesAndContributionMap":{"java":{"insertions":2,"deletions":0}}},{"hash":"678b577def6b3877d58572ef2ff1080bedec377b","isMergeCommit":true,"messageTitle":"Merge branch \u0027add-gradle-support\u0027","messageBody":"","tags":["A-Gradle"],"fileTypesAndContributionMap":{}},{"hash":"e936051cb85c3c54253ef1c1c122e4e744574651","isMergeCommit":false,"messageTitle":"Added JUnit test for AddTaskCommand","messageBody":"","fileTypesAndContributionMap":{"java":{"insertions":26,"deletions":0}}}]},{"date":"2026-02-08T00:00:00","commitResults":[{"hash":"0112a2a6cc1f7bfc803a06c3f43fc85481da73d4","isMergeCommit":false,"messageTitle":"Added JUnit test for DateTimeConverter","messageBody":"","fileTypesAndContributionMap":{"java":{"insertions":22,"deletions":1}}},{"hash":"716d0b9c95664d1a2ce7998a464b1f034886aade","isMergeCommit":true,"messageTitle":"Merge branch \u0027branch-junit\u0027","messageBody":"","tags":["A-JUnit"],"fileTypesAndContributionMap":{}},{"hash":"5e45c879c242afc63c5178f39f9dfd3d844fb84c","isMergeCommit":false,"messageTitle":"Created Header Docs for  public method","messageBody":"","fileTypesAndContributionMap":{"java":{"insertions":139,"deletions":41}}},{"hash":"18b818f8c3cb1b9417eeea544418668852363456","isMergeCommit":false,"messageTitle":"remove unused imports","messageBody":"","fileTypesAndContributionMap":{"java":{"insertions":0,"deletions":1}}},{"hash":"690e213d00cb7d6618932ca59f4d310950a20c35","isMergeCommit":true,"messageTitle":"Merge branch \u0027branch-A-JavaDoc\u0027","messageBody":"","tags":["A-JavaDoc"],"fileTypesAndContributionMap":{}}]},{"date":"2026-02-09T00:00:00","commitResults":[{"hash":"6acf6bacccb785f80ecde09212f78d5a612c47dd","isMergeCommit":false,"messageTitle":"Edit to meet coding standards","messageBody":"","fileTypesAndContributionMap":{"java":{"insertions":13,"deletions":13}}},{"hash":"243232e7f682d956e07a744f4141af9667d7f7c6","isMergeCommit":false,"messageTitle":"Create header comments to all methods","messageBody":"","fileTypesAndContributionMap":{"java":{"insertions":46,"deletions":16}}},{"hash":"957a8feaf91812333d81e84fb3cef35cad7a23d0","isMergeCommit":false,"messageTitle":"Create header comments to all methods","messageBody":"","fileTypesAndContributionMap":{"txt":{"insertions":9,"deletions":2},"java":{"insertions":71,"deletions":11}}},{"hash":"43c0986fa1dd8db7b71d461780d0d1a1fe572b85","isMergeCommit":false,"messageTitle":"Add cheer feature","messageBody":"","fileTypesAndContributionMap":{"txt":{"insertions":15,"deletions":1},"java":{"insertions":147,"deletions":54}}},{"hash":"5009fe61e029ea24918dd8994fa1f7a5257c0129","isMergeCommit":false,"messageTitle":"Create jar file","messageBody":"","fileTypesAndContributionMap":{"java":{"insertions":1,"deletions":1}}}]},{"date":"2026-02-13T00:00:00","commitResults":[{"hash":"0590cb4811f722698f9d7120da2cfe42c6f61f41","isMergeCommit":false,"messageTitle":"Add gui","messageBody":"","tags":["Level-10"],"fileTypesAndContributionMap":{"java":{"insertions":325,"deletions":135}}},{"hash":"d314c5c67bd5d323cede1e69f0834b1ec6858a43","isMergeCommit":false,"messageTitle":"Create Junit tests for deletecommand and markcommand","messageBody":"Increase datetime coverage for dd/mm/yy hh:mm\n","tags":["A-UnitTesting","A-UnitTestin","A-FullCommitMessage"],"fileTypesAndContributionMap":{"java":{"insertions":149,"deletions":15}}}]},{"date":"2026-02-17T00:00:00","commitResults":[{"hash":"56b874062ecc2eda0f2051f25f42d8e8be76a9af","isMergeCommit":false,"messageTitle":"Edit to coding standard","messageBody":"","fileTypesAndContributionMap":{"java":{"insertions":56,"deletions":41}}},{"hash":"3e04e1203c8e38302f1afdfc1fef2b9f6e12c14e","isMergeCommit":false,"messageTitle":"Create jar file","messageBody":"","fileTypesAndContributionMap":{"java":{"insertions":133,"deletions":149}}},{"hash":"38fc2583f0a9f54266bee971f2dc9ac3267fc3d0","isMergeCommit":false,"messageTitle":"Add gui","messageBody":"Input and output run on command line interface which is not user-friendly.\n\nCreate gui feature that run with Star main\n","fileTypesAndContributionMap":{"java":{"insertions":325,"deletions":135}}},{"hash":"f1a12e7c00306c219749007d5f5060da30ce5ac4","isMergeCommit":false,"messageTitle":"Create Junit tests","messageBody":"Lack of automated testing for deleteCommand and markCommand\n\nAdd JUnit tests to cover:\n- valid and invalid indices\n- task state changes after marking\n- task list size after operations\n\nIncrease datetime coverage for dd/mm/yy hh:mm\n","fileTypesAndContributionMap":{"java":{"insertions":149,"deletions":15}}},{"hash":"dd4155f8f20125af80fdeb05464d21ad1fed6a9d","isMergeCommit":false,"messageTitle":"Edit to coding standard","messageBody":"","fileTypesAndContributionMap":{"java":{"insertions":56,"deletions":41}}},{"hash":"512291a5114569651da23faee4b426b60b5117b2","isMergeCommit":false,"messageTitle":"Create jar file","messageBody":"","fileTypesAndContributionMap":{"java":{"insertions":133,"deletions":149}}}]},{"date":"2026-02-21T00:00:00","commitResults":[{"hash":"40b8eced38f9b7783e71cb446a5d3d59bb4de8ac","isMergeCommit":false,"messageTitle":"Add assertions to storage,tasklist and datetimeconverter","messageBody":"","tags":["A-Assertions"],"fileTypesAndContributionMap":{"java":{"insertions":19,"deletions":11}}},{"hash":"dc15d1a6f871c32cebe77f016406464ff245e258","isMergeCommit":false,"messageTitle":"Revert \"Merge pull request #1 from WEIJIE-01/branch-A-Assertions\"","messageBody":"This reverts commit d40665454de8b5b41c26137a054e53e1467bd755, reversing\nchanges made to 3e04e1203c8e38302f1afdfc1fef2b9f6e12c14e.\n","fileTypesAndContributionMap":{"java":{"insertions":11,"deletions":19}}},{"hash":"9cd5273a867ce82b0381a035bda6b9e6154eda7f","isMergeCommit":false,"messageTitle":"Reapply \"Merge pull request #1 from WEIJIE-01/branch-A-Assertions\"","messageBody":"This reverts commit dc15d1a6f871c32cebe77f016406464ff245e258.\n","fileTypesAndContributionMap":{"java":{"insertions":19,"deletions":11}}}]},{"date":"2026-02-22T00:00:00","commitResults":[{"hash":"c404b629b013a7fe78f6b65824037d9268e7c486","isMergeCommit":false,"messageTitle":"Edit ui and star class to improve readability","messageBody":"","fileTypesAndContributionMap":{"java":{"insertions":65,"deletions":63}}},{"hash":"f21151f11f61b06dc9301edbc9f640234791ef37","isMergeCommit":false,"messageTitle":"Create printtasks stream","messageBody":"","fileTypesAndContributionMap":{"java":{"insertions":4,"deletions":6}}},{"hash":"d81fc902f5798d45f526dd870034a37baae03b50","isMergeCommit":false,"messageTitle":"Edit javadoc comments for task class","messageBody":"","fileTypesAndContributionMap":{"java":{"insertions":11,"deletions":4}}},{"hash":"b36f215915214ab06550c44ed92477f1068d5f53","isMergeCommit":true,"messageTitle":"Merge branch \u0027branch-A-CodeQuality\u0027 of https://github.com/WEIJIE-01/ip into branch-A-CodeQuality","messageBody":"","fileTypesAndContributionMap":{}},{"hash":"b3e35f23756d398b9b44ea4c77bb56c6513ddea5","isMergeCommit":true,"messageTitle":"Merge branch \u0027branch-A-CodeQuality\u0027","messageBody":"","tags":["A-CodeQuality"],"fileTypesAndContributionMap":{}},{"hash":"f6e9c84cc4282795ba17607f8ba36f2ba3479f43","isMergeCommit":false,"messageTitle":"Create priority feature for task","messageBody":"","tags":["BCD-Extension","A-Enums"],"fileTypesAndContributionMap":{"java":{"insertions":99,"deletions":18}}}]}],"WEIJIE-01":[{"date":"2026-01-27T00:00:00","commitResults":[{"hash":"5fdedc5a4854cb72e5e202ff521575052a87af8c","isMergeCommit":false,"messageTitle":"Level 0-Modify to coding standard","messageBody":"","tags":["Level-0"],"fileTypesAndContributionMap":{"java":{"insertions":27,"deletions":8}}},{"hash":"4cf5e0e80f1b9ccbdfd27f8afac1673078fee604","isMergeCommit":false,"messageTitle":"Level 1:Echo","messageBody":"","tags":["Level-1"],"fileTypesAndContributionMap":{"java":{"insertions":22,"deletions":0}}},{"hash":"e377bfddb7afc94da8c49e1b8bd0a56f3e57399d","isMergeCommit":false,"messageTitle":"Level 2: Add, List","messageBody":"","tags":["level-2"],"fileTypesAndContributionMap":{"java":{"insertions":55,"deletions":14}}}]}]},"authorFileTypeContributionMap":{"Goh Wei Jie":{"java":1,"md":0,"txt":0},"WEIJIE01":{"java":1467,"md":1,"txt":58},"WEIJIE-01":{"java":36,"md":0,"txt":0}},"authorContributionVariance":{"Goh Wei Jie":0.0,"WEIJIE01":71034.234,"WEIJIE-01":293.8951},"authorDisplayNameMap":{"Goh Wei Jie":"Goh Wei Jie","WEIJIE01":"WEIJIE01","WEIJIE-01":"WEIJIE-01"}}
