{"authorDailyContributionsMap":{"Nadia":[{"date":"2026-02-22T00:00:00","commitResults":[{"hash":"10b679037117e304ecd29a5d7de457ac91d6be12","isMergeCommit":true,"messageTitle":"Merge pull request #1 from Dia-R/branch-A-Assertions","messageBody":"This merge integrates the assertions into the main codebase. \n","tags":["A-Assertions"],"fileTypesAndContributionMap":{}},{"hash":"37f50d41203e1a2b289b92aac82949d968e64dd7","isMergeCommit":true,"messageTitle":"Merge pull request #2 from Dia-R/branch-A-CodeQuality","messageBody":"This merge introduces improved code quality.","fileTypesAndContributionMap":{}}]}],"Dia-R":[{"date":"2026-01-24T00:00:00","commitResults":[{"hash":"9d93345251fdb50eb0c3a18b19f207cd050f80d5","isMergeCommit":false,"messageTitle":"feat: implement Level-0: Rename, Greet, Exit tasks","messageBody":"","fileTypesAndContributionMap":{"java":{"insertions":8,"deletions":10}}}]},{"date":"2026-01-25T00:00:00","commitResults":[{"hash":"be4b94b134dfd4ee4b9a558dc33c283ae26c3b71","isMergeCommit":false,"messageTitle":"feat: modify Level-0 to include OOP","messageBody":"","tags":["Level-0"],"fileTypesAndContributionMap":{"java":{"insertions":26,"deletions":4}}},{"hash":"e7121283abbe200a3f22776ea7f48d2c7f44442c","isMergeCommit":false,"messageTitle":"feat: implement Level-1: Echo task","messageBody":"","tags":["Level-1"],"fileTypesAndContributionMap":{"java":{"insertions":17,"deletions":0}}}]},{"date":"2026-02-01T00:00:00","commitResults":[{"hash":"38b5eb30e74587753c252acd36cf3c798dab27b5","isMergeCommit":false,"messageTitle":"feat: implement Level-2: Add, List","messageBody":"","tags":["Level-2"],"fileTypesAndContributionMap":{"java":{"insertions":264,"deletions":47}}},{"hash":"f9c31d82edcb54be0c3e2df3e10ad3bcfad5998b","isMergeCommit":false,"messageTitle":"feat: implement Level-3: Mark as done task","messageBody":"","tags":["Level-3"],"fileTypesAndContributionMap":{"java":{"insertions":117,"deletions":15}}},{"hash":"db0e79cf43fcc3e273887fe3f968abca65c39f29","isMergeCommit":false,"messageTitle":"feat: implement Level-4: ToDo, Event, Deadline","messageBody":"","tags":["Level-4"],"fileTypesAndContributionMap":{"java":{"insertions":169,"deletions":11}}},{"hash":"70faf839091c3625d6b6bc430b771a50c609922e","isMergeCommit":false,"messageTitle":"test: update Text UI test scripts and expected outputs","messageBody":"","tags":["A-TextUiTesting"],"fileTypesAndContributionMap":{"txt":{"insertions":7,"deletions":0}}},{"hash":"f3b2c3bcfbbe6d9eb89b7749cdf2cbf1cb966a7d","isMergeCommit":false,"messageTitle":"feat: implement Level-5: Handle errors task","messageBody":"","tags":["Level-5"],"fileTypesAndContributionMap":{"java":{"insertions":58,"deletions":21}}},{"hash":"c81deea43b5126fafe92fa275252c96ba8b1bcc1","isMergeCommit":false,"messageTitle":"feat: implement Level-6: Support the deletion of tasks","messageBody":"","tags":["Level-6"],"fileTypesAndContributionMap":{"java":{"insertions":50,"deletions":5}}},{"hash":"df1a548906e32b336b646d6b73bdd432596054f5","isMergeCommit":false,"messageTitle":"feat: implement more error handling and A-Enums task","messageBody":"","tags":["A-Enums"],"fileTypesAndContributionMap":{"java":{"insertions":97,"deletions":26}}}]},{"date":"2026-02-08T00:00:00","commitResults":[{"hash":"e4ff6b22694c17bdec35b22c26e98cf707dd7832","isMergeCommit":false,"messageTitle":"feat: add storage class with error handling","messageBody":"","fileTypesAndContributionMap":{"java":{"insertions":177,"deletions":0}}},{"hash":"fb0eb63bc05d49140f71dcccd0afdc49fe5063d5","isMergeCommit":false,"messageTitle":"feat: implement ability to load tasks from data files","messageBody":"","fileTypesAndContributionMap":{"java":{"insertions":108,"deletions":1}}},{"hash":"e7d5ba55c6959e3d14a82273c63355bea7039ba9","isMergeCommit":false,"messageTitle":"feat: add StorageException class","messageBody":"","fileTypesAndContributionMap":{"java":{"insertions":11,"deletions":3}}},{"hash":"c0b937698034ca19511970b5ccb58a9e33e06eb4","isMergeCommit":false,"messageTitle":"refactor: standardise formatting of comments","messageBody":"","fileTypesAndContributionMap":{"java":{"insertions":7,"deletions":12}}},{"hash":"d70a09cefe6e9f1114ebbd90fc3751b1489e7640","isMergeCommit":true,"messageTitle":"Merge branch-Level-7","messageBody":"","tags":["Level-7"],"fileTypesAndContributionMap":{}},{"hash":"3bb3eca10f80ddaa5cb467e4de32a7b6e112373e","isMergeCommit":false,"messageTitle":"feat: implement LocalDateTime for Deadline and Event classes","messageBody":"","fileTypesAndContributionMap":{"txt":{"insertions":11,"deletions":6},"java":{"insertions":185,"deletions":100}}},{"hash":"e51106380b9c92a7d0e9684d64ca381bdfb9970e","isMergeCommit":false,"messageTitle":"feat: implement searching by date feature","messageBody":"","tags":["Level-8"],"fileTypesAndContributionMap":{"txt":{"insertions":16,"deletions":7},"java":{"insertions":70,"deletions":10}}},{"hash":"22bb3db00c94ab3cad45c994babf6f0aa55152c2","isMergeCommit":false,"messageTitle":"feat: implement Ui class","messageBody":"","fileTypesAndContributionMap":{"java":{"insertions":362,"deletions":178},"md":{"insertions":3,"deletions":0}}},{"hash":"3cb99d7420c88fc185278de15f40155441412f5a","isMergeCommit":false,"messageTitle":"refactor: create Command class","messageBody":"","fileTypesAndContributionMap":{"java":{"insertions":559,"deletions":349}}},{"hash":"aceadad447afb9089ad9b653381e0ec2c983e8f7","isMergeCommit":true,"messageTitle":"Merge branch-A-MoreOOP","messageBody":"","tags":["A-MoreOOP"],"fileTypesAndContributionMap":{}},{"hash":"72a74dc7ece53be12ca527ab9852da038b0c7e6f","isMergeCommit":false,"messageTitle":"refactor: create ui package","messageBody":"","tags":["A-Packages"],"fileTypesAndContributionMap":{"java":{"insertions":10,"deletions":10}}}]},{"date":"2026-02-09T00:00:00","commitResults":[{"hash":"11a49a2a3cec457656f10614fc027638edffb3cf","isMergeCommit":false,"messageTitle":"test: update tests for five classes and run using Gradle","messageBody":"","fileTypesAndContributionMap":{"java":{"insertions":668,"deletions":0}}},{"hash":"cb943fef73783d99eafacb5270237d7aa46c11fb","isMergeCommit":false,"messageTitle":"test: add JUnit tests and run using Gradle","messageBody":"","fileTypesAndContributionMap":{"java":{"insertions":21,"deletions":21}}},{"hash":"35adbe7a51047a3ae07ef55714d7115a76ef85b7","isMergeCommit":true,"messageTitle":"Merge branch-A-JUnit-Tests","messageBody":"","tags":["A-JUnit"],"fileTypesAndContributionMap":{}},{"hash":"07766ee4fc1d59c3bd2c982dc228ba1b308c3bd3","isMergeCommit":false,"messageTitle":"feat: add runnable JAR configuration","messageBody":"","fileTypesAndContributionMap":{"txt":{"insertions":0,"deletions":0}}},{"hash":"5fc46c3971552d5bac69239513b5f7da9c75d383","isMergeCommit":true,"messageTitle":"Merge branch-A-Jar","messageBody":"","tags":["A-Jar"],"fileTypesAndContributionMap":{}},{"hash":"a9fbff3081e067b631833aa4dbc66332ac64df79","isMergeCommit":false,"messageTitle":"refactor: add comments to all public methods and at least half of private methods","messageBody":"","fileTypesAndContributionMap":{"java":{"insertions":105,"deletions":41}}},{"hash":"b31df21ecc8619a54029f2bdf16e0f6228a48429","isMergeCommit":false,"messageTitle":"style: apply coding standard improvements","messageBody":"","fileTypesAndContributionMap":{"java":{"insertions":36,"deletions":1}}},{"hash":"ff6a73c024da7195304e6dbb8eabdcb1c37ae1c4","isMergeCommit":false,"messageTitle":"feat: set up find by keyword in FindCommand","messageBody":"","fileTypesAndContributionMap":{"txt":{"insertions":11,"deletions":0},"java":{"insertions":102,"deletions":44}}},{"hash":"f37959533270f7f8c26550cb1d7b37515a681489","isMergeCommit":false,"messageTitle":"feat: add cheer feature","messageBody":"","fileTypesAndContributionMap":{"txt":{"insertions":16,"deletions":0},"java":{"insertions":114,"deletions":0}}},{"hash":"b47a7b45881956e88f67aacfc7bbd0d5a8cada86","isMergeCommit":true,"messageTitle":"Merge branch-A-JavaDoc","messageBody":"","tags":["A-JavaDoc"],"fileTypesAndContributionMap":{}},{"hash":"16cc94d573d98c074496fd5af371843923baeb00","isMergeCommit":true,"messageTitle":"Merge branch-A-CodingStandard","messageBody":"","tags":["A-CodingStandard"],"fileTypesAndContributionMap":{}},{"hash":"c50c58a6985b6441437e4f24177a8d5e937699f1","isMergeCommit":true,"messageTitle":"Merge branch-Level-9","messageBody":"","tags":["Level-9"],"fileTypesAndContributionMap":{}},{"hash":"f296c4cb520d5723d31c5d7cb869df76c8d081b7","isMergeCommit":true,"messageTitle":"Merge branch-A-Cheer","messageBody":"","tags":["A-Cheer"],"fileTypesAndContributionMap":{}}]},{"date":"2026-02-15T00:00:00","commitResults":[{"hash":"f47af0ff8d1e0bb96f086869fc61658416cc85a2","isMergeCommit":false,"messageTitle":"Add gui to application","messageBody":"","tags":["Level-10"],"fileTypesAndContributionMap":{"txt":{"insertions":3,"deletions":8},"java":{"insertions":736,"deletions":13}}}]},{"date":"2026-02-16T00:00:00","commitResults":[{"hash":"c604a607c463f8e12eb58070920836b23247c873","isMergeCommit":false,"messageTitle":"Add tests for storage classes","messageBody":"","tags":["A-UnitTesting"],"fileTypesAndContributionMap":{"java":{"insertions":207,"deletions":0}}},{"hash":"0afc9b32727d320bed7bd1811db64f7ddc22eb35","isMergeCommit":false,"messageTitle":"Add comments to DeadlineTest class","messageBody":"","fileTypesAndContributionMap":{"java":{"insertions":23,"deletions":6}}},{"hash":"29ff91ad0a7f0bd5cd778d2f109ba38d8b8ba671","isMergeCommit":false,"messageTitle":"Fix spaces","messageBody":"","fileTypesAndContributionMap":{"java":{"insertions":3,"deletions":0}}},{"hash":"29a2c890931bc66f0556ea60809329ec15f04587","isMergeCommit":false,"messageTitle":"Update cheer.txt","messageBody":"","fileTypesAndContributionMap":{"txt":{"insertions":2,"deletions":1}}}]},{"date":"2026-02-22T00:00:00","commitResults":[{"hash":"0e351d5c2c65c73e3dd364b23a07f11f120b4522","isMergeCommit":false,"messageTitle":"Fix event, deadline, and todo tests","messageBody":"","fileTypesAndContributionMap":{"txt":{"insertions":3,"deletions":0},"java":{"insertions":11,"deletions":16}}},{"hash":"5b206f7123706adc0db3d2df27a999a993530bbd","isMergeCommit":false,"messageTitle":"TaskList: add assertions to surface task mutations","messageBody":"TaskList operations rely on invariants such as non-null tasks\nand a taskCount that matches existing tasks.\n\nThe programme may continue to run in a corrupted state if the\ninvariants are broken.\n\nLet\u0027s introduce assertions for add, mark/unmark, and delete\nto catch these issues when they occur in the TaskList.\n\nThese checks make incorrect usage fail fast during development\nwhile keeping existing exceptions for user-facing commands.\n","fileTypesAndContributionMap":{"java":{"insertions":13,"deletions":0}}},{"hash":"3768c73f9f073e080cbf02808ac38db8837fd7c8","isMergeCommit":false,"messageTitle":"Add assertions to enforce invariants across core components","messageBody":"Core classes assume non-null inputs and consistent internal state.\n\nViolations of these assumptions can lead to bugs that surface\nlater as index errors or inconsistent task data.\n\nLet\u0027s introduce Java assertions in TaskList, Storage, Task subclasses,\nChatBot, and Parser to validate key preconditions, postconditions, and\nclass invariants.\n\nThese checks help detect incorrect usage and state corruption early\nduring development while preserving existing exception handling.\n","fileTypesAndContributionMap":{"java":{"insertions":15,"deletions":2}}},{"hash":"5ef6023ea9f3afbc7342cfaafa2c7699a2bfd716","isMergeCommit":false,"messageTitle":"Remove magic literals from Storage","messageBody":"","fileTypesAndContributionMap":{"java":{"insertions":84,"deletions":69}}},{"hash":"237354ecb4b64f1e5fe7996d1ebf941dbbf74b8b","isMergeCommit":false,"messageTitle":"Refactor Parsor for code quality","messageBody":"","fileTypesAndContributionMap":{"txt":{"insertions":3,"deletions":1},"java":{"insertions":28,"deletions":21}}},{"hash":"b7eee02520147f727d68d2a61f33b31622011d81","isMergeCommit":true,"messageTitle":"Merge branch \u0027master\u0027 into branch-A-CodeQuality","messageBody":"","tags":["A-CodeQuality"],"fileTypesAndContributionMap":{}}]}]},"authorFileTypeContributionMap":{"Nadia":{"java":0,"md":0,"txt":0},"Dia-R":{"java":3425,"md":3,"txt":49}},"authorContributionVariance":{"Nadia":0.0,"Dia-R":134264.22},"authorDisplayNameMap":{"Nadia":"Nadia","Dia-R":"Dia-R"}}
