{"authorDailyContributionsMap":{"cheranlee":[{"date":"2026-01-24T00:00:00","commitResults":[{"hash":"0a3cd5749cd388afc976a66d06898a002c01224a","isMergeCommit":false,"messageTitle":"Level-0: Rename, Greet, Exit","messageBody":"Rename Duke.java to Duck.java\n\nEdit Skeleton Duke.java Code\n","tags":["Level-0"],"fileTypesAndContributionMap":{"java":{"insertions":8,"deletions":10}}},{"hash":"4ee71c04e7d039b5dcab9ca78db7e449c71edc60","isMergeCommit":false,"messageTitle":"Level-1: Echo","messageBody":"Echo user commands\n\nExits when user types bye\n","tags":["Level-1"],"fileTypesAndContributionMap":{"java":{"insertions":14,"deletions":1}}},{"hash":"c8e0b1f9d02366f4098f47285d243477f2124f02","isMergeCommit":false,"messageTitle":"Level-2: Add, List","messageBody":"NewList.java : Use ArrayList to manage and build list\n\nItem.java : Object that stores input text. These objects will be stored to ArrayList in NewList.java\n\nDuck.java : Main code that invokes NewList.java methods\n","tags":["Level-2"],"fileTypesAndContributionMap":{"java":{"insertions":52,"deletions":4}}},{"hash":"af9610cef54bf1f52a1cf75afb79f6222860b520","isMergeCommit":false,"messageTitle":"Level-3: Mark as Done","messageBody":"NewList.java : Add markUnmarkItem class to change status of task\n\nItem.java : Add private boolean variable \u0027done\u0027 which is true when marked, false when unmarked\n\nInclude Error Handling Code in the events where:\n\n1) User marks/unmarks task number that does not exist\n\n2) User marks a task that has been marked\n\n3) User unmarks a task that has not been marked\n","tags":["Level-3"],"fileTypesAndContributionMap":{"java":{"insertions":75,"deletions":2}}},{"hash":"b9cc8ed3bd838651b8a390346d7c37ddb5d8d09f","isMergeCommit":false,"messageTitle":"A-Enums: Use Enums","messageBody":"TaskType.java : Enum declaration\n\nItem.java : Use Enum\n","tags":["A-Enums"],"fileTypesAndContributionMap":{"java":{"insertions":32,"deletions":3}}}]},{"date":"2026-01-25T00:00:00","commitResults":[{"hash":"fc687da32e1c59b383fe25ee68f1bd19e8c7c537","isMergeCommit":false,"messageTitle":"Level-4: ToDo, Event, Deadline","messageBody":"Duck.java : String Processing to extract ToDo, Event and Deadline Information\n\nItem.java : Add support for ToDo, Event, Deadline Enum\n","tags":["Level-4"],"fileTypesAndContributionMap":{"java":{"insertions":36,"deletions":7}}},{"hash":"6aac92b1b4893ad82007653c980f5f20cfbb3390","isMergeCommit":false,"messageTitle":"A-TextUi-Testing: Automated Text UI Testing","messageBody":"Use IO Redirection Technique to automate testing of Duck\n\nEdit runtest.bat , input.txt , EXPECTED.TXT , ACTUAL.TXT\n","tags":["A-TextUiTesting"],"fileTypesAndContributionMap":{"txt":{"insertions":12,"deletions":0},"java":{"insertions":5,"deletions":5}}},{"hash":"6885e722bcd5d49aae869b5671e52efbdfa08dac","isMergeCommit":false,"messageTitle":"Level-5: Handle Errors","messageBody":"Duck.java : Reformat code to use else if instead of multiple nested-if statements\n\nDuck.java : Add Error Handling Code. More Info in JavaDocs\n","tags":["Level-5"],"fileTypesAndContributionMap":{"txt":{"insertions":19,"deletions":8},"java":{"insertions":95,"deletions":41}}},{"hash":"f6987ab20d6610cfa853e381c8ebbf2168e41642","isMergeCommit":false,"messageTitle":"Level-6: Delete","messageBody":"NewList.java : Add DeleteItem functionality\n\nDuck.java: Support for DeleteItem, DeleteItem Error Handling\n\nDuck.java : Edit mark/unmark code to include more error handling cases\n","tags":["Level-6"],"fileTypesAndContributionMap":{"txt":{"insertions":5,"deletions":0},"java":{"insertions":87,"deletions":46}}},{"hash":"b38045640b285182e2ba8f24a9a41aced0536522","isMergeCommit":false,"messageTitle":"Edit A-TextUiTesting","messageBody":"Update to include more test cases\n","fileTypesAndContributionMap":{"txt":{"insertions":2,"deletions":0}}}]},{"date":"2026-01-26T00:00:00","commitResults":[{"hash":"101492a6b4abca961d371461aecd62ea815a499d","isMergeCommit":false,"messageTitle":"Add Missing Information in Command List","messageBody":"Duck.java : Add explanation for Delete and bye in Command List\n","fileTypesAndContributionMap":{"java":{"insertions":4,"deletions":0}}}]},{"date":"2026-02-02T00:00:00","commitResults":[{"hash":"42f453b270353ba096e028810bf6bbb6bbb0383c","isMergeCommit":false,"messageTitle":"Add comments for public classes","messageBody":"","fileTypesAndContributionMap":{"java":{"insertions":73,"deletions":4}}},{"hash":"ec36cd3bf5021a53f00f7dbdd6594b4a38e7a5a3","isMergeCommit":false,"messageTitle":"Shorten Main Code","messageBody":"Duck.java : Shorten Main Code by placing Delete, Mark, Todo, Event and Deadline code into separate functions\n","fileTypesAndContributionMap":{"java":{"insertions":113,"deletions":97}}},{"hash":"1109b41e6d07f514c28b149e40a8a82bea4deda5","isMergeCommit":false,"messageTitle":"Level-7: Save","messageBody":"Create a new data/duck.txt file which stores task entries to the hard disk\n\nIf file has existing data, reload data to list in program\n\nWhile the program is running, store changes (add/delete/mark task) to hard disk\n","fileTypesAndContributionMap":{"txt":{"insertions":4,"deletions":2},"java":{"insertions":334,"deletions":15}}}]},{"date":"2026-02-03T00:00:00","commitResults":[{"hash":"e4583788c387f0598c2f34b53505b4b3863ed5da","isMergeCommit":true,"messageTitle":"Deconflict Merge","messageBody":"","tags":["Level-7"],"fileTypesAndContributionMap":{}}]},{"date":"2026-02-05T00:00:00","commitResults":[{"hash":"624a1351baccf81370fb3ce119e771d2865d5513","isMergeCommit":false,"messageTitle":"Level-8: Dates and Times","messageBody":"1. Handle the following cases: 1) time info given only ; 2) date info given only ; 3) time and date info given\n\n2. For Event, auto-populate date if either start / end date is given\n\n3. Compare dates \u0026 throw error if start datetime after end datetime\n\n4. Throw error if information is incomplete (e.g. start date given but only end time is given)\n","fileTypesAndContributionMap":{"txt":{"insertions":20,"deletions":5},"java":{"insertions":421,"deletions":62}}},{"hash":"ee91b8266bc191ecc14bbef8fc21842b63a4b7a0","isMergeCommit":true,"messageTitle":"Merge Branch-Level-8","messageBody":"Branch-Level-8 integrates datetime functionality\n","tags":["Level-8"],"fileTypesAndContributionMap":{}},{"hash":"7149bfeae4c6238a8538332f0b24bb632e39a92f","isMergeCommit":false,"messageTitle":"A-MoreOOP","messageBody":"Extract Ui, Storage, Parser, TaskList Classes\n\nExtract Command Classes such that each command has a new Class\n","fileTypesAndContributionMap":{"txt":{"insertions":5,"deletions":17},"java":{"insertions":717,"deletions":516}}},{"hash":"8a531c2af126addcadf65cf7cc18621745c5da8d","isMergeCommit":true,"messageTitle":"Merge branch \u0027branch-MoreOOP\u0027 Refactor Code to extract code into classes","messageBody":"","tags":["A-MoreOOP"],"fileTypesAndContributionMap":{}},{"hash":"b496404cb12bac864c45c54b6e51a26661975776","isMergeCommit":false,"messageTitle":"Remove CommandType.java","messageBody":" CommandType.java: Redundant Enum Declaration\n","fileTypesAndContributionMap":{"java":{"insertions":0,"deletions":4}}}]},{"date":"2026-02-06T00:00:00","commitResults":[{"hash":"f5d5e7312ec395029f9d3d6def4bb8566d3c1e01","isMergeCommit":false,"messageTitle":"A-Packages","messageBody":"Organise classes into duck/ and duck/command packages, with src/main/java as source root folder\n","fileTypesAndContributionMap":{"txt":{"insertions":1,"deletions":0},"java":{"insertions":196,"deletions":24}}},{"hash":"cf8d17b43c269aca91e0c00ce506dc06ab5cc9c4","isMergeCommit":true,"messageTitle":"Merge branch \u0027branch-Packages\u0027 Integrate Packages functionality to make code neater","messageBody":"","tags":["A-Packages"],"fileTypesAndContributionMap":{}},{"hash":"860117bf34663bab7af9c8e37a7ff9a1145ceef7","isMergeCommit":false,"messageTitle":"A-Gradle","messageBody":"Change application mainClass in build.gradle file to include duck.Duck\n","tags":["A-Gradle"],"fileTypesAndContributionMap":{"txt":{"insertions":1,"deletions":0}}},{"hash":"41b24f9f35ace3b2cede82b9573bbe2fee1768cd","isMergeCommit":false,"messageTitle":"A-JUnit","messageBody":"/src/test : Add JUnit Test Code for DeadlineCommand and TodoCommand Classes\n\nChanges to DeadlineCommand and EventCommand made in the Process as error detected during JUnit Testing\n","fileTypesAndContributionMap":{"txt":{"insertions":34,"deletions":0},"java":{"insertions":113,"deletions":4}}},{"hash":"7968fce9da3a47499ebf5892008c62a62c2e2325","isMergeCommit":true,"messageTitle":"Merge branch \u0027branch-JUnit\u0027 Integrate JUnit Testing Code","messageBody":"","tags":["A-JUnit"],"fileTypesAndContributionMap":{}},{"hash":"e8d9fa5e544600a4bfa54c617ebcbbffb37f85a1","isMergeCommit":false,"messageTitle":"Edit JUnit Test Files","messageBody":"Edit file extension of dummy text file created during JUnit Testing\n","fileTypesAndContributionMap":{"txt":{"insertions":2,"deletions":24},"java":{"insertions":6,"deletions":6}}},{"hash":"adc3000062715ae43c30ace52bb61e48a2ca9605","isMergeCommit":false,"messageTitle":"A-JavaDoc","messageBody":"Add JavaDoc comments to code\n","fileTypesAndContributionMap":{"java":{"insertions":210,"deletions":14}}},{"hash":"221bda9017987780ff6ea039b5762c0143263d5a","isMergeCommit":false,"messageTitle":"A-CodingStandard","messageBody":"Edit all variables to follow camelCase\n\ne.g. edit sub_Command to subCommand\n","fileTypesAndContributionMap":{"java":{"insertions":115,"deletions":115}}},{"hash":"68bb52ea82571c70d314045daab4d2eff63c2af4","isMergeCommit":false,"messageTitle":"A-CodingStandard v2","messageBody":"Edit all test case methods to follow coding standard\n\ne.g. from noErrorTest() to no_error_test()\n","fileTypesAndContributionMap":{"txt":{"insertions":2,"deletions":0},"java":{"insertions":7,"deletions":11}}},{"hash":"c5eed178e9fcb30ea2cebc961cc18f2e6189ef5d","isMergeCommit":false,"messageTitle":"Level-9: Find","messageBody":"Add find keyword functionality\n","fileTypesAndContributionMap":{"java":{"insertions":61,"deletions":9}}}]},{"date":"2026-02-07T00:00:00","commitResults":[{"hash":"7df0f015f538cc2496d3301adfd7d552da79ae07","isMergeCommit":false,"messageTitle":"A-Cheer: Random Motivational Quote","messageBody":"Randomly generates motivational quote from /data/cheer.txt\n","fileTypesAndContributionMap":{"txt":{"insertions":7,"deletions":0},"java":{"insertions":57,"deletions":20}}},{"hash":"ed5b695448bad8fdc9b9f9429fc9cedfb051fc98","isMergeCommit":true,"messageTitle":"Merge branch \u0027branch-A-JavaDoc\u0027 Add JavaDocs and Header Comments to Code","messageBody":"","tags":["A-JavaDoc"],"fileTypesAndContributionMap":{}},{"hash":"24f6a65058acb49cc5f0b294324921bf88bb78b2","isMergeCommit":true,"messageTitle":"Deconflict Merge","messageBody":"Deconflict when merging branch-A-CodingStandard and Master\n","fileTypesAndContributionMap":{}},{"hash":"cfc579265c8a7f0492735ffc9433710ffda70127","isMergeCommit":false,"messageTitle":"Edit Command.java File","messageBody":"Change tasklist to tasks in execute method\n","tags":["A-CodingStandard"],"fileTypesAndContributionMap":{"java":{"insertions":1,"deletions":1}}},{"hash":"ebf072853e798c9ce7e454430e5e31d04680fa8b","isMergeCommit":true,"messageTitle":"Merge branch \u0027branch-Level-9\u0027","messageBody":"","fileTypesAndContributionMap":{}},{"hash":"f080b945aceff847f91492c671d46f4a0e1ddd06","isMergeCommit":false,"messageTitle":"Edit findWord function in TaskList.java","messageBody":"Change get_text to getText\n","tags":["Level-9"],"fileTypesAndContributionMap":{"txt":{"insertions":2,"deletions":0},"java":{"insertions":1,"deletions":1}}},{"hash":"0fc0eab8f2ae9163813a1b54888c37e9cc045f8c","isMergeCommit":true,"messageTitle":"Merge branch \u0027branch-A-Cheer\u0027","messageBody":"","fileTypesAndContributionMap":{}},{"hash":"cd7662a7cb5793d44fcdb2af00005cd8f2bcdff9","isMergeCommit":false,"messageTitle":"Edit Parser.java","messageBody":"Import Cheer and Find Classes\n","tags":["A-Cheer"],"fileTypesAndContributionMap":{"java":{"insertions":2,"deletions":0}}},{"hash":"895534bbb134ea770fd52e59048a9ceb033170c8","isMergeCommit":false,"messageTitle":"Add JavaDoc Comments","messageBody":"Added JavaDoc comments to methods related to Find and Cheer\n","fileTypesAndContributionMap":{"java":{"insertions":34,"deletions":0}}},{"hash":"c1f3469331d49aa2b8f452bb4a6d4c611e410dcf","isMergeCommit":false,"messageTitle":"Bug Fixes to Mark/Unmark","messageBody":"Fix Bug that caused Unmark to stop working: Add Boolean Parameter to MarkUnmarkCommand to identify if mark or unmark\n\nRemove all System.out.println statements in TaskList: Redirect all print outputs to Ui for printing\n","fileTypesAndContributionMap":{"txt":{"insertions":5,"deletions":2},"java":{"insertions":55,"deletions":32}}}]},{"date":"2026-02-09T00:00:00","commitResults":[{"hash":"55a0069e23819af6573dc7c7e30902194b9bfe43","isMergeCommit":false,"messageTitle":"A-CheckStyle","messageBody":"Integrate CheckStyle \u0026 edit code to fix checkstyle errors\n","fileTypesAndContributionMap":{"txt":{"insertions":3,"deletions":6},"java":{"insertions":214,"deletions":287}}},{"hash":"a9fe9d337333798ecdd83e3d8d722623e62aadec","isMergeCommit":true,"messageTitle":"Merge branch \u0027A-CheckStyle\u0027 Integrate CheckStyle","messageBody":"","tags":["A-CheckStyle"],"fileTypesAndContributionMap":{}}]},{"date":"2026-02-10T00:00:00","commitResults":[{"hash":"128acdb5cb19e3cf0cb4fb0a9dfcc1d553961a84","isMergeCommit":false,"messageTitle":"Level-10: GUI","messageBody":"Integrate JavaFX\n\nMulti-Colour Labels depending on commandtype (addTask, DeleteTask or MarkTask)\n\nCSS Cosmetic Tweaks : Background, Label Colours etc\n","fileTypesAndContributionMap":{"txt":{"insertions":3,"deletions":2},"java":{"insertions":367,"deletions":147}}},{"hash":"5d3a496b8541ff0aec4b852b3fcd847b53a9cf95","isMergeCommit":true,"messageTitle":"Merge branch \u0027branch-Level-10\u0027 Integrate JavaFX Code for GUI","messageBody":"","tags":["Level-10"],"fileTypesAndContributionMap":{}}]},{"date":"2026-02-11T00:00:00","commitResults":[{"hash":"aab12605267930c14f9fd038366186616d1f0b17","isMergeCommit":false,"messageTitle":"A-UnitTesting","messageBody":"Edit Test Code to work with edited code\n","tags":["A-UnitTesting"],"fileTypesAndContributionMap":{"txt":{"insertions":5,"deletions":0},"java":{"insertions":10,"deletions":10}}},{"hash":"5fd78c660c48b9e65e008999338e25a93d14386a","isMergeCommit":false,"messageTitle":"A-Varargs","messageBody":"Use varargs in line 50 of MainWindow.java\n","tags":["A-Varargs"],"fileTypesAndContributionMap":{"java":{"insertions":1,"deletions":0}}}]},{"date":"2026-02-16T00:00:00","commitResults":[{"hash":"0a6028b44e8c58a0352306c2530c30689e451018","isMergeCommit":false,"messageTitle":"Clean up code","messageBody":"1. Refactoring larger functions into smaller functions\n\n2. Organising classes into more packages\n\n3. Shorten code by removing duplicate codes\n\n4. Neater exception handling by using 3 different exception classes by consistently calling them\n","fileTypesAndContributionMap":{"txt":{"insertions":12,"deletions":13},"java":{"insertions":736,"deletions":762}}},{"hash":"ab8d39d6b0f5928651dd178867dd9fe6ce213c6d","isMergeCommit":true,"messageTitle":"Merge branch \u0027branch-CleanCode\u0027 Cleaner code.","messageBody":"","fileTypesAndContributionMap":{}}]},{"date":"2026-02-20T00:00:00","commitResults":[{"hash":"d676e28bf398d4965752032929810bc51842dddd","isMergeCommit":false,"messageTitle":"A-Assertions","messageBody":"Add assertions at points in code where assumptions are made\n\nExamples:\n\n* In some \u0027case\u0027 statements in \u003cTaskList.java\u003e and \u003cItem.java\u003e, the \u0027default\u0027 branch should not run\n\n* In \u003cDeadlineCommand.java\u003e and \u003cEventCommand.java\u003e, use assertions to check that exceptions are thrown when user input is not of the expected format\n","fileTypesAndContributionMap":{"txt":{"insertions":1,"deletions":1},"java":{"insertions":14,"deletions":2}}}]},{"date":"2026-02-21T00:00:00","commitResults":[{"hash":"e50b1b3eca3ba95c74aa6364c28ef8bbce4bde06","isMergeCommit":false,"messageTitle":"A-CodeQuality","messageBody":"Major Code Quality changes in branch-CleanCode in iP Week 5\n\nMinor Code Quality changes:\n\n* Refactored Code into smaller functions\n\n* Use Descriptive variable names which follow coding standards\n\nFix Bug in Cheer Command:\n\n* Add Default Cheers if CheerFile is empty/does not exist\n","fileTypesAndContributionMap":{"txt":{"insertions":0,"deletions":2},"java":{"insertions":71,"deletions":78}}},{"hash":"621204009081f10986d69c852f344b457a28201f","isMergeCommit":false,"messageTitle":"A-CodeQuality v2.0","messageBody":"Refactor duplicated string formatting using a \u0027base\u0027 variable\n","fileTypesAndContributionMap":{"java":{"insertions":57,"deletions":66}}}]},{"date":"2026-02-22T00:00:00","commitResults":[{"hash":"6d9bcf7fc0d11cb0a1989366f65d517f1840e0eb","isMergeCommit":false,"messageTitle":"A-Streams","messageBody":"Use Java Streams to print tasks in list\n\nEliminates need for FOR loops when doing String Formatting\n","fileTypesAndContributionMap":{"java":{"insertions":23,"deletions":30}}},{"hash":"3baf37d7e72ef51f65e9bb0c68095166c721ad90","isMergeCommit":true,"messageTitle":"Merge pull request #3 from cheranlee/branch-A-Assertions","messageBody":"Merge Branch-A-Assertions","tags":["A-Assertions"],"fileTypesAndContributionMap":{}},{"hash":"adf794f6a83864bb95d4ee7690d8278068b40974","isMergeCommit":true,"messageTitle":"Merge pull request #1 from cheranlee/branch-A-Streams","messageBody":"Merge Branch-A-Streams","tags":["A-Streams"],"fileTypesAndContributionMap":{}},{"hash":"511b44b5ead54242f4a44204334768685613a80c","isMergeCommit":true,"messageTitle":"Merge Branch-A-CodeQuality","messageBody":"Deconflict master branch and Branch-A-CodeQuality\n","tags":["A-CodeQuality"],"fileTypesAndContributionMap":{}},{"hash":"3832a0579ee73094d1ea4551f86eca04d6743bd7","isMergeCommit":false,"messageTitle":"C-Sort","messageBody":"Sort tasks in tasklist in the following ascending order:\n\n* Todo, Deadline, Event\n\n* Deadline: By comparing start date, then comparing start time\n\n* Event: By comparing start date, start time, then end date and end time\n\nAdd support for the following cases when printing list of tasks:\n\n* Date provided\n\n* Time provided\n\nDate and Time provided\n","fileTypesAndContributionMap":{"txt":{"insertions":3,"deletions":1},"java":{"insertions":56,"deletions":14}}},{"hash":"7fd8e5214844d7f1c011931a42fae722f98b0b9c","isMergeCommit":true,"messageTitle":"Merge pull request #4 from cheranlee/branch-C-Sort","messageBody":"Merge Branch-C-Sort","tags":["BCD-Extension","A-FullCommitMessage"],"fileTypesAndContributionMap":{}},{"hash":"fc0f59706ecaa4c6edde5988bbe69797446b294a","isMergeCommit":false,"messageTitle":"C-Sort v2.0","messageBody":"Previously: Sort item in tasklist and prints to console\n\nBug: Re-ordering does not happen for tasks saved to hard disk, causing delete X and mark X to delete and mark the wrong tasks\n\nFix: When list is called by user, sort items in tasklist, print to console and rewrite order of items in hard disk\n","fileTypesAndContributionMap":{"txt":{"insertions":4,"deletions":3},"java":{"insertions":37,"deletions":13}}},{"hash":"c770ad1e74d4b82158a0e7c3d02126cabfca6547","isMergeCommit":true,"messageTitle":"Merge pull request #5 from cheranlee/branch-C-Sort","messageBody":"Branch-C-Sort Bug Fix","fileTypesAndContributionMap":{}}]}]},"authorFileTypeContributionMap":{"cheranlee":{"java":1967,"md":0,"txt":64}},"authorContributionVariance":{"cheranlee":125444.09},"authorDisplayNameMap":{"cheranlee":"cheranlee"}}
