{"authorDailyContributionsMap":{"Yugam2508":[{"date":"2026-01-22T00:00:00","commitResults":[{"hash":"731d79f013169bb3d09c63106d0c62ef0fe380d8","isMergeCommit":false,"messageTitle":"Level-0: Rename, Greet, Exit","messageBody":"","tags":["Level-0"],"fileTypesAndContributionMap":{"java":{"insertions":16,"deletions":10}}},{"hash":"cafeade45a5e92ae770746804bb3e9222ed26c7d","isMergeCommit":false,"messageTitle":"Level-1: Echo","messageBody":"","tags":["Level-1"],"fileTypesAndContributionMap":{"java":{"insertions":18,"deletions":1}}},{"hash":"e8a81384dbbe67ed64ed30009b52a7f082665f8a","isMergeCommit":false,"messageTitle":"Level-2: Add and List","messageBody":"","tags":["Level-2"],"fileTypesAndContributionMap":{"java":{"insertions":20,"deletions":6}}},{"hash":"d871fedad33b898d707ea1c991075f2998cd8e8c","isMergeCommit":false,"messageTitle":"Level-3: Mark as Done","messageBody":"","tags":["Level-3"],"fileTypesAndContributionMap":{"java":{"insertions":43,"deletions":9}}},{"hash":"a4fb9f8a07cf58f0a558681451a5c11fb3dc2b58","isMergeCommit":false,"messageTitle":"Level-4: ToDo, Event, Deadline","messageBody":"","tags":["Level-4"],"fileTypesAndContributionMap":{"java":{"insertions":80,"deletions":14}}}]},{"date":"2026-01-23T00:00:00","commitResults":[{"hash":"0f25a92091a0d22cd4343dbd32b12f6a8bd0a9ec","isMergeCommit":false,"messageTitle":"A-TextUiTesting: Set up automated testing","messageBody":"","tags":["A-TextUiTesting"],"fileTypesAndContributionMap":{"txt":{"insertions":6,"deletions":0}}},{"hash":"a5c6682c0187fa0899ef6c82002ed7f711bbc0c3","isMergeCommit":false,"messageTitle":"Level-5: Handle Errors with custom Exception","messageBody":"","tags":["Level-5"],"fileTypesAndContributionMap":{"java":{"insertions":85,"deletions":42}}}]},{"date":"2026-01-25T00:00:00","commitResults":[{"hash":"68b04013c32c5fc6b25d18d49c1ce2d711d88fe7","isMergeCommit":false,"messageTitle":"Level-6: Delete","messageBody":"","tags":["Level-6"],"fileTypesAndContributionMap":{"java":{"insertions":26,"deletions":17}}}]},{"date":"2026-02-05T00:00:00","commitResults":[{"hash":"c0712aab9c29afa26c2b9457413b65e10416ff8f","isMergeCommit":false,"messageTitle":"Level-7: Save and load tasks from file","messageBody":"","fileTypesAndContributionMap":{"txt":{"insertions":1,"deletions":0},"java":{"insertions":104,"deletions":11}}},{"hash":"4732951ebbb093264f980a049fc385b948d9be7b","isMergeCommit":true,"messageTitle":"Merge branch \u0027branch-Level-7\u0027","messageBody":"","tags":["Level-7"],"fileTypesAndContributionMap":{}},{"hash":"a1056dc23702ace54f66f590be580731715ecc7f","isMergeCommit":false,"messageTitle":"Level-8: Use LocalDate for Deadlines","messageBody":"","fileTypesAndContributionMap":{"txt":{"insertions":2,"deletions":0},"java":{"insertions":19,"deletions":1}}},{"hash":"e32e857b25ad2f7a42fc2b29b41384af5835f7b3","isMergeCommit":true,"messageTitle":"Merge branch \u0027branch-Level-8\u0027","messageBody":"","tags":["Level-8"],"fileTypesAndContributionMap":{}},{"hash":"ed27741a393d86b95ef6b4709c87447d5b84608b","isMergeCommit":false,"messageTitle":"A-MoreOOP: Refactor code into Ui, Storage, TaskList, and Parser classes","messageBody":"","fileTypesAndContributionMap":{"txt":{"insertions":1,"deletions":2},"java":{"insertions":360,"deletions":288}}},{"hash":"ccd0da15e909537692321abe9611a8cf3bc90a0e","isMergeCommit":true,"messageTitle":"Merge branch \u0027branch-A-MoreOOP\u0027","messageBody":"","tags":["A-MoreOOP"],"fileTypesAndContributionMap":{}},{"hash":"7f4a9e645ec03773c9acde22988aef766ae8e38f","isMergeCommit":false,"messageTitle":"A-Packages: Move all classes into jarvis package","messageBody":"","fileTypesAndContributionMap":{"txt":{"insertions":0,"deletions":1},"java":{"insertions":25,"deletions":3}}},{"hash":"10a3153b1a1b909dd6421a4373182fe539462473","isMergeCommit":true,"messageTitle":"Merge branch \u0027branch-A-Packages\u0027","messageBody":"","tags":["A-Packages"],"fileTypesAndContributionMap":{}},{"hash":"527362d5a662425910d4faf3b2bea240c3a65ce0","isMergeCommit":false,"messageTitle":"A-JUnit: Add JUnit tests for Todo and Parser","messageBody":"","fileTypesAndContributionMap":{"java":{"insertions":42,"deletions":0}}},{"hash":"2cb2fb5662eefc780f79e08a1d46ebb6ff58cb25","isMergeCommit":true,"messageTitle":"erge branch \u0027branch-A-JUnit\u0027","messageBody":"","tags":["A-JUnit"],"fileTypesAndContributionMap":{}},{"hash":"da3346b0dfccfd766a7615dbf8ec8000c69effb2","isMergeCommit":false,"messageTitle":"A-Jar: Enable shadowJar build","messageBody":"","fileTypesAndContributionMap":{"txt":{"insertions":1,"deletions":0}}},{"hash":"58f0f61c45184013745023a338165a51a83106ff","isMergeCommit":true,"messageTitle":"Merge branch \u0027branch-A-Jar\u0027","messageBody":"","tags":["A-Jar"],"fileTypesAndContributionMap":{}},{"hash":"0f61028e48db8004586176a13c7bbd7142dc48fe","isMergeCommit":false,"messageTitle":"A-Enums: Define CommandType enum for better command handling","messageBody":"","fileTypesAndContributionMap":{"java":{"insertions":4,"deletions":0}}},{"hash":"d61223c91cb223d818353fdf8bb315ab334a4291","isMergeCommit":true,"messageTitle":"Merge branch \u0027branch-A-Enums\u0027","messageBody":"","tags":["A-Enums"],"fileTypesAndContributionMap":{}},{"hash":"200abc3c3593f0f72322dccf82f5fbd10d24a215","isMergeCommit":false,"messageTitle":"Level-9: Add find command to search tasks by keyword","messageBody":"","fileTypesAndContributionMap":{"txt":{"insertions":3,"deletions":0},"java":{"insertions":46,"deletions":3}}},{"hash":"a1186933f4950e871e5d41a5505f7107f8a671c0","isMergeCommit":true,"messageTitle":"Merge branch \u0027branch-Level-9\u0027","messageBody":"","tags":["Level-9"],"fileTypesAndContributionMap":{}}]},{"date":"2026-02-06T00:00:00","commitResults":[{"hash":"bd111a6bf1cba7c29036c727c5991b7cc5ca1191","isMergeCommit":false,"messageTitle":"Refactor: Move classes into sub-packages","messageBody":"","tags":["A-CodingStandard"],"fileTypesAndContributionMap":{"java":{"insertions":26,"deletions":10}}},{"hash":"17471e5f1504264eaa861ee3c9b967e6018a8b8a","isMergeCommit":false,"messageTitle":"A-JavaDoc: Add comprehensive Javadoc to Ui, Storage, TaskList, and Parser","messageBody":"","fileTypesAndContributionMap":{"java":{"insertions":21,"deletions":0}}},{"hash":"7b82adf8f754dbad08fa790dfa23184596dbef40","isMergeCommit":false,"messageTitle":"A-Cheer: Add cheer command and file reading logic","messageBody":"","fileTypesAndContributionMap":{"txt":{"insertions":4,"deletions":0},"java":{"insertions":23,"deletions":0}}},{"hash":"466cca30d2ef76ceabe0d9f58cbefd6c1029052f","isMergeCommit":true,"messageTitle":"Merge branch \u0027branch-A-JavaDoc\u0027","messageBody":"","tags":["A-JavaDoc"],"fileTypesAndContributionMap":{}},{"hash":"d50c585003de708ac0f630603a5fe8d6e4e011c7","isMergeCommit":true,"messageTitle":"Merge branch \u0027branch-A-Cheer\u0027","messageBody":"","tags":["A-Cheer"],"fileTypesAndContributionMap":{}}]},{"date":"2026-02-23T00:00:00","commitResults":[{"hash":"e281b8ce0f42b2b73070b4955bc0c1eefa1412f6","isMergeCommit":false,"messageTitle":"Refactor code to improve OOP structure","messageBody":"Extract handler methods from Jarvis.run().\nRemove static TaskList usage.\nMove all output logic into Ui class.\n\nImproves separation of concerns and maintainability.\n","fileTypesAndContributionMap":{"java":{"insertions":239,"deletions":173}}}]},{"date":"2026-02-26T00:00:00","commitResults":[{"hash":"bcc96a7905d39bd8f5aceb2ac9ad8cd2d9d8d7c1","isMergeCommit":false,"messageTitle":"Add comprehensive JavaDoc to Parser classes","messageBody":"Added detailed JavaDoc comments to Parser and CommandType\nclasses to improve code documentation. All public methods\nnow include descriptions, parameter tags, and return tags\nas per SE-EDU coding standards.\n","fileTypesAndContributionMap":{"java":{"insertions":41,"deletions":27}}},{"hash":"ede489cb4cb4c8afd5a609e6db47f22f808939b3","isMergeCommit":false,"messageTitle":"Improve error handling in Storage class","messageBody":"Enhanced file parsing robustness by adding null checks and\ntry-catch blocks. The parseTask method now gracefully handles\nmalformed input and prevents crashes from corrupted data files.\nAlso added comprehensive JavaDoc comments.\n","fileTypesAndContributionMap":{"java":{"insertions":79,"deletions":33}}},{"hash":"89cc54415ab899dfd0112063857396a2f0ba569b","isMergeCommit":false,"messageTitle":"Refactor Ui class to eliminate code duplication","messageBody":"Extracted repetitive horizontal line printing into a private\nprintLine() helper method. Added HORIZONTAL_LINE constant and\ncomprehensive JavaDoc comments to all public methods.\n","fileTypesAndContributionMap":{"java":{"insertions":90,"deletions":43}}},{"hash":"282c0c95b0c292ffabe9e5324cf81584c536cce5","isMergeCommit":false,"messageTitle":"Fix formatting and add JavaDoc to Jarvis class","messageBody":"Aligned switch-case statements with coding standard. Wrapped\nlong lines to stay under 120 character limit. Added complete\nJavaDoc documentation including constructor and method comments.\nFixed import statements to avoid wildcards.\n","fileTypesAndContributionMap":{"java":{"insertions":97,"deletions":82}}},{"hash":"a7ccca37220dc30730fd6f74561be68928804c90","isMergeCommit":false,"messageTitle":"Add JavaDoc and improve Task class hierarchy","messageBody":"Added comprehensive JavaDoc comments to all Task-related classes.\nImproved method documentation with proper @param and @return tags.\nEnhanced code readability with better formatting.\n","fileTypesAndContributionMap":{"java":{"insertions":161,"deletions":50}}},{"hash":"e60084cb1bc06044c36fa5bd2dd3a6ca595fb99a","isMergeCommit":false,"messageTitle":"Update README with comprehensive documentation","messageBody":"","fileTypesAndContributionMap":{"md":{"insertions":125,"deletions":44}}}]},{"date":"2026-02-28T00:00:00","commitResults":[{"hash":"b3a1d6b45c579286b0fd906cdd9c1a0c55a2d9c7","isMergeCommit":false,"messageTitle":"Add assertions to validate program state","messageBody":"Added assert statements to critical methods to catch programming\nerrors early. Assertions verify that core components are properly\ninitialized and array indices are within valid bounds.\n","tags":["A-Assertions"],"fileTypesAndContributionMap":{"java":{"insertions":5,"deletions":0}}},{"hash":"486f33d17b3aade7447f46a0ba0636aaa8a263f2","isMergeCommit":false,"messageTitle":"Refactor findTasks to use Java Streams API","messageBody":"Replaced traditional for-loop with Stream API for more functional\ncode. This improves readability and follows modern Java practices\nwhile maintaining the same functionality.\n","tags":["A-Streams","A-FullCommitMessage","A-CodeQuality"],"fileTypesAndContributionMap":{"java":{"insertions":4,"deletions":7}}},{"hash":"5b57a91532531f7755e6b1045809862c7a49a10c","isMergeCommit":false,"messageTitle":"Fix build configuration and update JarvisException","messageBody":"","fileTypesAndContributionMap":{"txt":{"insertions":15,"deletions":4},"java":{"insertions":4,"deletions":5}}}]},{"date":"2026-03-01T00:00:00","commitResults":[{"hash":"74a4f06f970920781356731fe3070232cd147902","isMergeCommit":false,"messageTitle":"Add additional assertion for tasks validation","messageBody":"","fileTypesAndContributionMap":{"java":{"insertions":1,"deletions":0}}},{"hash":"c9a58fdc692ac23f91afe62de953277182c25b97","isMergeCommit":false,"messageTitle":"Add input validation assertions to Parser","messageBody":"","fileTypesAndContributionMap":{"java":{"insertions":2,"deletions":0}}},{"hash":"d06f095b34573d21b8d049d45c8b8d0d6432853b","isMergeCommit":false,"messageTitle":"Enhance JavaDoc documentation in Storage class","messageBody":"","fileTypesAndContributionMap":{"java":{"insertions":2,"deletions":0}}},{"hash":"d0b18afb391cbb21e6c7885962c9041def594b40","isMergeCommit":false,"messageTitle":"Improve base Task class documentation","messageBody":"","fileTypesAndContributionMap":{"java":{"insertions":1,"deletions":0}}},{"hash":"e15e12c7e79154c57898b282dcab92ed536febdb","isMergeCommit":false,"messageTitle":"Add JavaFX GUI interface (Level-10)","messageBody":"","fileTypesAndContributionMap":{"txt":{"insertions":0,"deletions":5},"java":{"insertions":224,"deletions":0}}}]}],"Vora Yugam Jinesh":[{"date":"2026-03-01T00:00:00","commitResults":[{"hash":"ea745b0b1e6079a374127b18ec10d16ce88390d8","isMergeCommit":true,"messageTitle":"Merge pull request #1 from Yugam2508/branch-A-Assertions","messageBody":"Add input validation assertions to Parser","fileTypesAndContributionMap":{}},{"hash":"456b7682412c06f6786dd7193d57098131417f34","isMergeCommit":true,"messageTitle":"Merge pull request #2 from Yugam2508/branch-A-CodeQuality","messageBody":"Enhance JavaDoc documentation in Storage class","fileTypesAndContributionMap":{}},{"hash":"dfac0c8730c017e1eebe7a2914809450b520e9b8","isMergeCommit":true,"messageTitle":"Merge pull request #3 from Yugam2508/branch-A-Streams","messageBody":"Improve base Task class documentation","fileTypesAndContributionMap":{}},{"hash":"c827b92120161aa09b379a04477ae606a5a33bdc","isMergeCommit":true,"messageTitle":"Merge pull request #4 from Yugam2508/branch-Level-10","messageBody":"Add JavaFX GUI interface (Level-10)","tags":["Level-10"],"fileTypesAndContributionMap":{}}]}]},"authorFileTypeContributionMap":{"Yugam2508":{"java":1083,"md":111,"txt":21},"Vora Yugam Jinesh":{"java":0,"md":0,"txt":0}},"authorContributionVariance":{"Yugam2508":29268.844,"Vora Yugam Jinesh":0.0},"authorDisplayNameMap":{"Yugam2508":"Yugam2508","Vora Yugam Jinesh":"Vora Yugam Jinesh"}}
