{"authorDailyContributionsMap":{"Manya Gupta":[{"date":"2026-01-30T00:00:00","commitResults":[{"hash":"8e65a4aa9e212e237b96d0ffff4266e175101b95","isMergeCommit":false,"messageTitle":"Level-0: Rename, Greet, Exit","messageBody":"","tags":["Level-0"],"fileTypesAndContributionMap":{"java":{"insertions":8,"deletions":10}}},{"hash":"0031534e253a8fc140a34eece0820e28772e4cf6","isMergeCommit":false,"messageTitle":"Level-2: Add, List","messageBody":"","fileTypesAndContributionMap":{"java":{"insertions":11,"deletions":0}}},{"hash":"a26477a1abb7a51ecc22fcabf46cc9211173d6cf","isMergeCommit":false,"messageTitle":"Revert \"Level-2: Add, List\"","messageBody":"This reverts commit 0031534e253a8fc140a34eece0820e28772e4cf6.\n","fileTypesAndContributionMap":{"java":{"insertions":0,"deletions":11}}},{"hash":"de84c63b45363115a2af84777b10e9222fe13de8","isMergeCommit":false,"messageTitle":"Level-1: Echo","messageBody":"","tags":["Level-1"],"fileTypesAndContributionMap":{"java":{"insertions":12,"deletions":1}}},{"hash":"5bee01504bce812994447ebc427f16aa388ae018","isMergeCommit":false,"messageTitle":"Level-2: Add, List","messageBody":"","tags":["Level-2"],"fileTypesAndContributionMap":{"java":{"insertions":11,"deletions":1}}},{"hash":"8243daee5b9ca151f3c0c0fa379c73ee5d065214","isMergeCommit":false,"messageTitle":"Level-3: Mark as Done","messageBody":"","tags":["Level-3"],"fileTypesAndContributionMap":{"java":{"insertions":27,"deletions":3},"md":{"insertions":2,"deletions":0}}},{"hash":"d33be3ae3d0fae4026199322a166f09fb61548a2","isMergeCommit":false,"messageTitle":"Level-4: ToDo, Event, Deadline","messageBody":"","tags":["Level-4"],"fileTypesAndContributionMap":{"java":{"insertions":55,"deletions":8},"md":{"insertions":1,"deletions":0}}},{"hash":"31d0a620974c2bd858ac5dd8183feabf181f767b","isMergeCommit":false,"messageTitle":"Level-5: Handle Errors","messageBody":"","tags":["Level-5"],"fileTypesAndContributionMap":{"java":{"insertions":11,"deletions":0}}},{"hash":"0b6013865d4e50491d530682330b4de98920d55d","isMergeCommit":false,"messageTitle":"Level-6: Delete","messageBody":"","tags":["Level-6"],"fileTypesAndContributionMap":{"java":{"insertions":59,"deletions":27},"md":{"insertions":1,"deletions":0}}}]},{"date":"2026-02-02T00:00:00","commitResults":[{"hash":"abba7a9229c5ae9c4873849a8fc2df1d2447df6f","isMergeCommit":false,"messageTitle":"A-TextUiTesting: Automated Text UI Testing","messageBody":"","tags":["A-TextUiTesting"],"fileTypesAndContributionMap":{"txt":{"insertions":10,"deletions":0},"md":{"insertions":2,"deletions":1}}}]},{"date":"2026-02-05T00:00:00","commitResults":[{"hash":"ad656096ebfc3cae6383bd16885aa95f71544523","isMergeCommit":false,"messageTitle":"Level-7: Save","messageBody":"","tags":["Level-7"],"fileTypesAndContributionMap":{"java":{"insertions":100,"deletions":28},"md":{"insertions":4,"deletions":1}}},{"hash":"9852bfae4497a4fedb33ff77a265a7d74e92c148","isMergeCommit":false,"messageTitle":"Level-7: Save, Stretch","messageBody":"","tags":["branch-Level-7","Level-7-Stretch"],"fileTypesAndContributionMap":{"java":{"insertions":19,"deletions":10},"md":{"insertions":1,"deletions":1}}}]},{"date":"2026-02-06T00:00:00","commitResults":[{"hash":"7a394aa13c65bd59cb4f78773c0e153436a82736","isMergeCommit":false,"messageTitle":"Level-8: Dates and Times","messageBody":"","tags":["branch-Level-8","Level-8"],"fileTypesAndContributionMap":{"java":{"insertions":183,"deletions":58},"md":{"insertions":2,"deletions":1}}},{"hash":"edaacf9690e48286d94563fbf6d0de8bcc0f296d","isMergeCommit":false,"messageTitle":"A-MoreOOP: Use More OOP","messageBody":"","tags":["A-MoreOOP"],"fileTypesAndContributionMap":{"java":{"insertions":388,"deletions":254}}},{"hash":"60edbddef1edf4736dffdbca9e234c37da58c05f","isMergeCommit":false,"messageTitle":"A-Packages: Organize into Packages","messageBody":"","tags":["A-Packages"],"fileTypesAndContributionMap":{"java":{"insertions":92,"deletions":0},"md":{"insertions":2,"deletions":1}}},{"hash":"0b43ef5d7333b1ad69bd1d6f18ea05c0deee4faf","isMergeCommit":false,"messageTitle":"A-Jar: Create a JAR File","messageBody":"","tags":["A-Jar"],"fileTypesAndContributionMap":{"java":{"insertions":98,"deletions":0}}},{"hash":"22ba79dd0254ac1bce32296b327346d886bd1cf7","isMergeCommit":false,"messageTitle":"A-JavaDoc: JavaDoc","messageBody":"","tags":["branch-A-JavaDoc","A-JavaDoc"],"fileTypesAndContributionMap":{"java":{"insertions":239,"deletions":0},"md":{"insertions":1,"deletions":0}}},{"hash":"3027aee23f7c80e5f07c6afe08fc7b2e56bca34c","isMergeCommit":false,"messageTitle":"A-CodingStandard","messageBody":"","tags":["branch-A-CodingStandard","A-CodingStandard"],"fileTypesAndContributionMap":{"java":{"insertions":32,"deletions":4}}},{"hash":"e6908b4e664873ec7f3fada759f5e250d0d880ea","isMergeCommit":false,"messageTitle":"Level-9: Find","messageBody":"","tags":["Level-9"],"fileTypesAndContributionMap":{"java":{"insertions":111,"deletions":0}}},{"hash":"8af6d98506b35f390a5af235d4426261dc00c588","isMergeCommit":false,"messageTitle":"Level-9","messageBody":"","tags":["branch-Level-9"],"fileTypesAndContributionMap":{"md":{"insertions":2,"deletions":1}}},{"hash":"d63111e76c8789c87dee0d975a27718a06604887","isMergeCommit":false,"messageTitle":"I forgot to add J-unit tag","messageBody":"","tags":["A-JUnit"],"fileTypesAndContributionMap":{"md":{"insertions":1,"deletions":1}}}]},{"date":"2026-02-13T00:00:00","commitResults":[{"hash":"89157a4f7522ba7e2ed13c895da266a3bd57e2ed","isMergeCommit":false,"messageTitle":"Add cheer command for motivation","messageBody":"Co-Authored-By: Claude Sonnet 4.5 \u003cnoreply@anthropic.com\u003e\n","tags":["A-Cheer"],"fileTypesAndContributionMap":{"txt":{"insertions":10,"deletions":0},"java":{"insertions":79,"deletions":0}}},{"hash":"bd9999a329e4247eac4ef77c2da8ddb6836e57b1","isMergeCommit":true,"messageTitle":"Merge branch-A-Cheer","messageBody":"Co-Authored-By: Claude Sonnet 4.5 \u003cnoreply@anthropic.com\u003e\n","fileTypesAndContributionMap":{}},{"hash":"ae77116d4b03b12a883d4cdadd93fa7726d003ef","isMergeCommit":false,"messageTitle":"Add GUI using JavaFX","messageBody":"Co-Authored-By: Claude Sonnet 4.5 \u003cnoreply@anthropic.com\u003e\n","tags":["branch-Level-10","Level-10"],"fileTypesAndContributionMap":{"java":{"insertions":285,"deletions":1}}},{"hash":"bebdb8bedb7efa77578820a48db472c86d47160e","isMergeCommit":true,"messageTitle":"Merge branch-Level-10","messageBody":"Co-Authored-By: Claude Sonnet 4.5 \u003cnoreply@anthropic.com\u003e\n","fileTypesAndContributionMap":{}},{"hash":"8a3f56441c292581af40528b87b1928db3b5990f","isMergeCommit":false,"messageTitle":"Add unit tests for Deadline and Event","messageBody":"Co-Authored-By: Claude Sonnet 4.5 \u003cnoreply@anthropic.com\u003e\n","tags":["A-UnitTesting"],"fileTypesAndContributionMap":{"java":{"insertions":86,"deletions":0}}},{"hash":"24fe0ff762e75c78d810563d897feb9fbffd44fc","isMergeCommit":true,"messageTitle":"Merge branch-A-UnitTesting","messageBody":"Co-Authored-By: Claude Sonnet 4.5 \u003cnoreply@anthropic.com\u003e\n","tags":["PR-Creation"],"fileTypesAndContributionMap":{}},{"hash":"6a48b73a1123cfb13070806cb1b95d601a689510","isMergeCommit":true,"messageTitle":"Merge Week 5 increments","messageBody":"Co-Authored-By: Claude Sonnet 4.5 \u003cnoreply@anthropic.com\u003e\n","tags":["Tracker","Git-Standard","Forking"],"fileTypesAndContributionMap":{}}]},{"date":"2026-02-20T00:00:00","commitResults":[{"hash":"b3214836d12040582ca059c1633c99231930bf85","isMergeCommit":false,"messageTitle":"Add help command and refresh Mercury UI","messageBody":"Replace the JavaFX layout with a styled BorderPane and dialog boxes so the app matches the new theme.\n\nWire the C-Help command into the parser and UI, expose the helper text in docs, and surface it in both CLI and GUI.\n","tags":["BCD-Extension","A-FullCommitMessage"],"fileTypesAndContributionMap":{"java":{"insertions":107,"deletions":65},"md":{"insertions":7,"deletions":13}}},{"hash":"01872accb9924e6530ce247a40f5eefe545ad56a","isMergeCommit":false,"messageTitle":"Refactor persistence and search for better quality","messageBody":"Use modern file APIs, defensive assertions, and helper parsing in Storage so saves and loads are more predictable.\n\nAdd stream-based filtering plus stronger TaskList invariants so the search/list flows become concise while satisfying A-Assertions, A-CodeQuality, and A-Streams.\n","tags":["A-Streams","A-CodeQuality","A-Assertions"],"fileTypesAndContributionMap":{"java":{"insertions":91,"deletions":70}}},{"hash":"6ba197916fc6c8b65257a5ecb9ffaba9b5cf370f","isMergeCommit":false,"messageTitle":"Use GitHub Flavored Markdown for README","messageBody":"Update README.md to use GitHub Flavored Markdown (GFMD) features\nincluding tables, checkboxes, code blocks, and proper headings.\nReplace the Duke template with Mercury-specific documentation.\n\nCo-Authored-By: Claude Sonnet 4.6 \u003cnoreply@anthropic.com\u003e\n","tags":["Use-GFMD","Merging-PRs"],"fileTypesAndContributionMap":{"md":{"insertions":87,"deletions":33}}}]}],"Manya G":[{"date":"2026-02-24T00:00:00","commitResults":[{"hash":"6ecacc167f2378adcfa830c6a73b6c6d1a35d850","isMergeCommit":false,"messageTitle":"Document AI coding assistant experiences for weeks 5 and 6","messageBody":"Added reflections on using AI coding assistants across weeks 5 and 6, detailing experiences with \u0027claude code\u0027 and \u0027antigravity\u0027.","fileTypesAndContributionMap":{"md":{"insertions":8,"deletions":1}}}]}]},"authorFileTypeContributionMap":{"Manya Gupta":{"java":1563,"md":96,"txt":20},"Manya G":{"java":0,"md":7,"txt":0}},"authorContributionVariance":{"Manya Gupta":46317.953,"Manya G":1.4459505},"authorDisplayNameMap":{"Manya Gupta":"Manya Gupta","Manya G":"Manya G"}}
