{"authorDailyContributionsMap":{"XMOKE666":[{"date":"2026-02-01T00:00:00","commitResults":[{"hash":"7fdd1cc24b62fd77de3688cecf4be5b5d09c9377","isMergeCommit":false,"messageTitle":"Level-0: Rename, Greet, Exit","messageBody":"","fileTypesAndContributionMap":{"java":{"insertions":0,"deletions":0}}},{"hash":"bcfafa216add4b49f0506f2acf8baf71714eff4a","isMergeCommit":false,"messageTitle":"Level-0: Rename, Greet, Exit","messageBody":"","tags":["Level-0"],"fileTypesAndContributionMap":{"java":{"insertions":9,"deletions":8},"md":{"insertions":3,"deletions":3}}},{"hash":"7772b8df5f3df8d7ad0c883db138b6e3501d7df4","isMergeCommit":false,"messageTitle":"Level-1: Echo","messageBody":"","tags":["Level-1"],"fileTypesAndContributionMap":{"java":{"insertions":22,"deletions":5}}}]},{"date":"2026-02-02T00:00:00","commitResults":[{"hash":"85db9dd1a0e6dba8408958e2e909283deb5f2b83","isMergeCommit":false,"messageTitle":"Level-2: Add, List","messageBody":"","tags":["Level-2"],"fileTypesAndContributionMap":{"java":{"insertions":20,"deletions":3}}},{"hash":"b22582d8b0945c28f9012b2bcf6957a10f9c0ad1","isMergeCommit":false,"messageTitle":"Level-3: Mark as Done","messageBody":"","tags":["Level-3"],"fileTypesAndContributionMap":{"java":{"insertions":52,"deletions":1}}},{"hash":"c4d47b3dd9ab0a8abfa9be46a4ff52020662c32e","isMergeCommit":false,"messageTitle":"Level-4: ToDo, Event, Deadline","messageBody":"","tags":["Level-4"],"fileTypesAndContributionMap":{"java":{"insertions":75,"deletions":10}}},{"hash":"3964fa0757fe9a705972384147cb3ddff2aecfbc","isMergeCommit":false,"messageTitle":"A-TextUiTesting: Automated Text UI Testing","messageBody":"","tags":["A-TextUiTesting"],"fileTypesAndContributionMap":{"txt":{"insertions":8,"deletions":0}}},{"hash":"de3cd14f90cdd52ead412e853a2e1c4bc5772c77","isMergeCommit":false,"messageTitle":"Level-5: Handle Errors","messageBody":"","tags":["Level-5"],"fileTypesAndContributionMap":{"java":{"insertions":32,"deletions":1}}},{"hash":"aa808e3abd59b5467d11b1e20405def1a11e138f","isMergeCommit":false,"messageTitle":"Level-6: Delete","messageBody":"","tags":["Level-6"],"fileTypesAndContributionMap":{"java":{"insertions":34,"deletions":0}}},{"hash":"a60dd1a6d25d5ed367eecbfbe705a1b8bc7fd040","isMergeCommit":false,"messageTitle":"A-Enums: Use Enums","messageBody":"","tags":["A-Enums"],"fileTypesAndContributionMap":{"java":{"insertions":10,"deletions":11}}}]},{"date":"2026-02-03T00:00:00","commitResults":[{"hash":"4a350e56db5152c004dcacfad252cf7fd6bd6e30","isMergeCommit":false,"messageTitle":"Level-7","messageBody":"","fileTypesAndContributionMap":{"java":{"insertions":83,"deletions":2}}},{"hash":"69a32a7a0107ebfdf16943b6e04a4738dc8711db","isMergeCommit":true,"messageTitle":"Merge branch \u0027branch-Level-7\u0027","messageBody":"","tags":["Level-7"],"fileTypesAndContributionMap":{}}]},{"date":"2026-02-04T00:00:00","commitResults":[{"hash":"46c209a213f6827497bff92356258b37b0cdaa3a","isMergeCommit":false,"messageTitle":"Level-8: Dates and Times","messageBody":"","fileTypesAndContributionMap":{"java":{"insertions":547,"deletions":218}}},{"hash":"7c2e83ce69d6b4460043bb28ca4870aa954f8533","isMergeCommit":true,"messageTitle":"Merge branch \u0027branch-Level-8\u0027","messageBody":"","tags":["Level-8"],"fileTypesAndContributionMap":{}},{"hash":"32d76be87a3cc138684f3126b6bf02a1e1d4b3a5","isMergeCommit":false,"messageTitle":"A-MoreOOP: Use More OOP","messageBody":"","tags":["A-MoreOOP"],"fileTypesAndContributionMap":{"java":{"insertions":1,"deletions":14}}},{"hash":"f39e858cc7b0cebadd8393c99e0395763ed90235","isMergeCommit":false,"messageTitle":"A-Packages: Organize into Packages","messageBody":"","tags":["A-Packages"],"fileTypesAndContributionMap":{"java":{"insertions":14,"deletions":4},"md":{"insertions":3,"deletions":3}}},{"hash":"8bbed3a1fcda309e543b215c63cae41a8bf9010c","isMergeCommit":false,"messageTitle":"A-JUnit: Add JUnit Tests","messageBody":"","tags":["A-Jar","A-JUnit"],"fileTypesAndContributionMap":{"java":{"insertions":68,"deletions":0}}}]},{"date":"2026-02-05T00:00:00","commitResults":[{"hash":"df8218a1b46bf99facac2f7fe95ed7f7208754df","isMergeCommit":false,"messageTitle":"Level-9: Find","messageBody":"","tags":["Level-9"],"fileTypesAndContributionMap":{"java":{"insertions":36,"deletions":0}}},{"hash":"4772f88a077ad16ef471f700f74111e1c8792269","isMergeCommit":false,"messageTitle":"A-Cheer: Random Motivational Quote","messageBody":"","fileTypesAndContributionMap":{"txt":{"insertions":3,"deletions":0},"java":{"insertions":33,"deletions":0}}},{"hash":"21159853c89261a15e1fa390e948f440e731b954","isMergeCommit":false,"messageTitle":"A-CodingStandard: Follow the Coding Standard","messageBody":"","fileTypesAndContributionMap":{"java":{"insertions":4,"deletions":1}}},{"hash":"025a522c1daed11f34d029918857d650f5cda70b","isMergeCommit":false,"messageTitle":"A-JavaDoc: JavaDoc","messageBody":"","fileTypesAndContributionMap":{"java":{"insertions":64,"deletions":0}}},{"hash":"25e2ce61efb3bc48772db5ac56e01e55834860e7","isMergeCommit":true,"messageTitle":"Merge branch \u0027branch-A-JavaDoc\u0027","messageBody":"","tags":["A-JavaDoc"],"fileTypesAndContributionMap":{}},{"hash":"047731f9b0644e1cb0e83fcfae4277ea316a980f","isMergeCommit":true,"messageTitle":"Merge branch \u0027branch-A-Cheer\u0027","messageBody":"# Conflicts:\n#\tsrc/main/java/xmoke/Ui.java\n","tags":["A-Cheer"],"fileTypesAndContributionMap":{}},{"hash":"8b611a6e5cf37b81efb7fd36e82aec5bfca82e03","isMergeCommit":true,"messageTitle":"Merge branch \u0027branch-A-CodingStandard\u0027","messageBody":"","tags":["A-CodingStandard"],"fileTypesAndContributionMap":{}},{"hash":"19fb3f9dc067a3acf3a4ac06e2e714b73d84a1ac","isMergeCommit":false,"messageTitle":"no message","messageBody":"","fileTypesAndContributionMap":{"java":{"insertions":439,"deletions":0}}}]},{"date":"2026-02-06T00:00:00","commitResults":[{"hash":"8f1310bd499b60d3d7f196aa36949e95df99efd6","isMergeCommit":false,"messageTitle":"Show Logo","messageBody":"","fileTypesAndContributionMap":{"java":{"insertions":20,"deletions":449},"md":{"insertions":7,"deletions":7}}},{"hash":"959944871d6a536225a4610083c6db97c078e9a8","isMergeCommit":false,"messageTitle":"Git Standard","messageBody":"","fileTypesAndContributionMap":{"java":{"insertions":1,"deletions":17}}}]},{"date":"2026-02-14T00:00:00","commitResults":[{"hash":"7e754e38b7c385c2e0a1ca32051862143f3e21d0","isMergeCommit":false,"messageTitle":"Add chatbot UI","messageBody":"","tags":["Level-10"],"fileTypesAndContributionMap":{"txt":{"insertions":6,"deletions":0},"java":{"insertions":412,"deletions":47}}}]},{"date":"2026-02-15T00:00:00","commitResults":[{"hash":"1868a966923147a08ab03c8ab9b6940eba752ed1","isMergeCommit":false,"messageTitle":"Add varargs","messageBody":"","tags":["A-Varargs"],"fileTypesAndContributionMap":{"java":{"insertions":2,"deletions":2}}},{"hash":"e28c2b55dc44b47678cbd25770fe8e02b516cb39","isMergeCommit":false,"messageTitle":"Add UI test using JUnit","messageBody":"","tags":["A-UnitTesting"],"fileTypesAndContributionMap":{"java":{"insertions":41,"deletions":0}}}]},{"date":"2026-02-21T00:00:00","commitResults":[{"hash":"7adb617443fbdbbeca65c37ae92adc9ec537a5f7","isMergeCommit":false,"messageTitle":"Update readme.md, and I used Level-10 branch because I forgot to add a new branch last week.","messageBody":"","fileTypesAndContributionMap":{"md":{"insertions":66,"deletions":40}}},{"hash":"0c78d3ac30106b502f0db540acc8f90fa2a0ddbd","isMergeCommit":false,"messageTitle":"A-Assertions: Add Java asserts for key assumptions","messageBody":"Important assumptions in the code are not documented. If those\nassumptions are violated (e.g. by future changes), failures can be\nhard to diagnose.\n\nUsing Java assert documents invariants at critical points and\nsurfaces violations when the JVM is run with -ea.\n\nLet\u0027s add asserts in:\n* Parser.parseTaskIndex: index is in valid range after validation\n* TaskList.addTask: list is not full and task reference is non-null\n* Task constructor: description is non-null\n\nAssertions are for documentation and development-time checks; they\ndo not replace validation or exceptions for invalid user input.\n","fileTypesAndContributionMap":{"java":{"insertions":4,"deletions":0}}},{"hash":"79996bb044a41cc2d24f09ae67bda0446e9da4b9","isMergeCommit":false,"messageTitle":"A-CodeQuality: Fix docs, messages and magic numbers","messageBody":"Parser Javadoc for parseTaskIndex does not match the method signature\n(indexText and taskCount). Exception messages in Parser and TaskList\ncontain the package prefix \"xmoke.\" which is not appropriate for\nuser-facing text. The default end-of-day time 23:59 is repeated as\nmagic numbers in parseDateTime.\n\nInaccurate Javadoc misleads readers. Package names in error messages\nare implementation detail and should not be shown to users. Magic\nnumbers reduce readability and make future changes harder.\n\nLet\u0027s update the parseTaskIndex Javadoc to match the parameters and\nexceptions, change both exception messages to drop the \"xmoke.\"\nprefix, and replace the repeated 23 and 59 with named constants\nDEFAULT_END_OF_DAY_HOUR and DEFAULT_END_OF_DAY_MINUTE in Parser.\n","fileTypesAndContributionMap":{"java":{"insertions":11,"deletions":8}}},{"hash":"b90df0155bd8afd8c43079b726086e60ba6dce01","isMergeCommit":false,"messageTitle":"A-Streams: Use Streams in TaskList for filter-and-collect","messageBody":"getTasksOnDate and findTasks use for-loops to filter tasks into a new\nArrayList. The same logic can be expressed with the Stream API.\n\nUsing streams makes the intent (filter then collect) explicit and\naligns with common Java idioms for collection processing.\n\nLet\u0027s refactor getTasksOnDate and findTasks to use tasks.stream(),\nfilter(), and collect(Collectors.toCollection(ArrayList::new)) so that\nreturn types and behavior stay the same while using the Streams feature.\n","fileTypesAndContributionMap":{"java":{"insertions":8,"deletions":18}}},{"hash":"a0d47b9fedab8e08d550c0429c248c8775d7529e","isMergeCommit":true,"messageTitle":"Merge pull request #1 from XMOKE2435/A-Assertions","messageBody":"A-Assertions: Add Java asserts for key assumptions","tags":["A-Assertions"],"fileTypesAndContributionMap":{}},{"hash":"d8a3c5fae075063c1f1a27e24bc5dd02892f6ef9","isMergeCommit":true,"messageTitle":"Merge branch \u0027master\u0027 into A-CodeQuality","messageBody":"","fileTypesAndContributionMap":{}},{"hash":"c993f24ca4873537409b8efeeecbdd8d5b65439d","isMergeCommit":true,"messageTitle":"Merge branch \u0027master\u0027 into A-Streams","messageBody":"","fileTypesAndContributionMap":{}},{"hash":"c30b0aecff29d409f4ceacaeaab20ceaf5c899b6","isMergeCommit":true,"messageTitle":"Merge pull request #2 from XMOKE2435/A-CodeQuality","messageBody":"A-CodeQuality: Fix docs, messages and magic numbers","tags":["A-CodeQuality"],"fileTypesAndContributionMap":{}},{"hash":"f50129733c6808443ae4ee4e2729278111df2a65","isMergeCommit":true,"messageTitle":"Merge branch \u0027master\u0027 into A-Streams","messageBody":"","fileTypesAndContributionMap":{}},{"hash":"6f1b4f89b3bd4d66d7b58d5cfba13c77bbc8a36d","isMergeCommit":true,"messageTitle":"Merge pull request #3 from XMOKE2435/A-Streams","messageBody":"A-Streams: Use Streams in TaskList for filter-and-collect","tags":["A-Streams"],"fileTypesAndContributionMap":{}},{"hash":"25e8f45d0dcce3a0f22162d63bbd8b5a1e49c612","isMergeCommit":true,"messageTitle":"Merge branch \u0027branch-Level-10\u0027","messageBody":"","fileTypesAndContributionMap":{}}]},{"date":"2026-02-22T00:00:00","commitResults":[{"hash":"716792cc2f5ba27b4d2a7d9c67c6ee008f4de858","isMergeCommit":false,"messageTitle":"Align user chat text to the right","messageBody":"User messages show the profile photo on the right but the label text\nwas left-aligned, which looks inconsistent.\n\nSet the dialog label alignment to TOP_RIGHT for user messages and\nTOP_LEFT for bot messages after flip so text lines up with the avatar.\n","tags":["A-FullCommitMessage"],"fileTypesAndContributionMap":{"java":{"insertions":2,"deletions":0}}},{"hash":"3ac2f9a98b52af8785398dd6c36b7ddf78c3b1e8","isMergeCommit":false,"messageTitle":"Add C-Sort: sort tasks by deadline, show list after sort","messageBody":"","tags":["BCD-Extension"],"fileTypesAndContributionMap":{"java":{"insertions":30,"deletions":0}}},{"hash":"62a1ad6702d3ef18b7f34ac1d7995577381c8f79","isMergeCommit":false,"messageTitle":"Resolve Checkstyle violations (Javadoc, newline, order, length)","messageBody":"","fileTypesAndContributionMap":{"java":{"insertions":34,"deletions":19}}},{"hash":"b35d8976bd512ceb06e3bc933fdec31d47ba18a0","isMergeCommit":false,"messageTitle":"Fix Checkstyle: Javadoc, newlines, line length, imports again.","messageBody":"","fileTypesAndContributionMap":{"java":{"insertions":1,"deletions":0}}}]},{"date":"2026-02-24T00:00:00","commitResults":[{"hash":"14b4a168560e9ff21402beeb2383340af7e3c104","isMergeCommit":false,"messageTitle":"Apply GFM: HTML comments in docs, table syntax in CONTRIBUTORS","messageBody":"","fileTypesAndContributionMap":{"md":{"insertions":13,"deletions":12}}}]}]},"authorFileTypeContributionMap":{"XMOKE666":{"java":1283,"md":67,"txt":17}},"authorContributionVariance":{"XMOKE666":27213.67},"authorDisplayNameMap":{"XMOKE666":"XMOKE666"}}
