{"authorDailyContributionsMap":{"Pranav-Pudi":[{"date":"2026-01-31T00:00:00","commitResults":[{"hash":"71d6bf598d68e59d43b176b8715166f5ced26f59","isMergeCommit":false,"messageTitle":"refactor: rename Duke to PranavBot","messageBody":"","fileTypesAndContributionMap":{"java":{"insertions":0,"deletions":0}}},{"hash":"12df4becdb1f0d8dc8dee368a8f4a444e9bb39ec","isMergeCommit":false,"messageTitle":"refactor: rename main class from Duke to PranavBot","messageBody":"","tags":["Level-0"],"fileTypesAndContributionMap":{"java":{"insertions":1,"deletions":1},"md":{"insertions":3,"deletions":3}}},{"hash":"ba0659b636266673de20e6c081760df926f305a8","isMergeCommit":false,"messageTitle":"feat: add greeting message and bye command exit for Level-0","messageBody":"","fileTypesAndContributionMap":{"java":{"insertions":11,"deletions":6}}}]},{"date":"2026-02-01T00:00:00","commitResults":[{"hash":"5fcc71153f50721371312b14675a0fe8095d8f57","isMergeCommit":false,"messageTitle":"feat: implement user command echoing for Level-1","messageBody":"","tags":["Level-1"],"fileTypesAndContributionMap":{"java":{"insertions":18,"deletions":2}}},{"hash":"b7f736565472bb7a30640b7c2f7243173a0b868d","isMergeCommit":false,"messageTitle":"feat: implement task addition and listing for Level-2","messageBody":"","tags":["Level-2"],"fileTypesAndContributionMap":{"java":{"insertions":20,"deletions":0}}},{"hash":"dccd1db5ace01885acd4439f03e256a606270b83","isMergeCommit":false,"messageTitle":"feat: add Task class with status and mark/unmark commands for Level-3","messageBody":"","tags":["Level-3"],"fileTypesAndContributionMap":{"java":{"insertions":74,"deletions":12}}},{"hash":"5b7c9a6f106c6deb73c10754e917c7d8eda7d692","isMergeCommit":false,"messageTitle":"refactor: move abstract Task class implementation into Task.java","messageBody":"","fileTypesAndContributionMap":{"java":{"insertions":31,"deletions":30}}},{"hash":"11e245579a12bc2095003234b49f0c235bd269a8","isMergeCommit":false,"messageTitle":"feat: add skeleton subclasses Todo, Deadline, Event","messageBody":"","fileTypesAndContributionMap":{"java":{"insertions":6,"deletions":0}}},{"hash":"0be4a2a3d71d820dd3492a14a79f07f3e7d666b4","isMergeCommit":false,"messageTitle":"feat: implement Todo task type, Deadline task type with due date, Event task type with time range","messageBody":"","fileTypesAndContributionMap":{"java":{"insertions":52,"deletions":4}}},{"hash":"0131b330a04cc65da217b61e75d2a41dd576ceb8","isMergeCommit":false,"messageTitle":"feat: complete Level-4 with ToDo Deadline Event task types and inheritance","messageBody":"","tags":["Level-4"],"fileTypesAndContributionMap":{"java":{"insertions":126,"deletions":55}}},{"hash":"188abbb1168d952b78e92a4298323f2658f97d26","isMergeCommit":false,"messageTitle":"feat: enhance error handling across all commands for Level-5","messageBody":"","tags":["Level-5"],"fileTypesAndContributionMap":{"java":{"insertions":2,"deletions":0}}},{"hash":"0182371021f1db000c831f5d459e932756d5eeb0","isMergeCommit":false,"messageTitle":"feat: implement delete command with error handling for Level-6","messageBody":"","tags":["Level-6"],"fileTypesAndContributionMap":{"java":{"insertions":22,"deletions":0}}},{"hash":"79512a86d0c39785eaa2c1ded632701749765e70","isMergeCommit":false,"messageTitle":"test: modify test file and test written code with expected outputs for each input","messageBody":"","tags":["A-TextUiTesting"],"fileTypesAndContributionMap":{"txt":{"insertions":19,"deletions":0}}}]},{"date":"2026-02-06T00:00:00","commitResults":[{"hash":"32ccc6e8cfdb69c9beb63985c41c7c3a29a6174d","isMergeCommit":false,"messageTitle":"feat: integrate Storage save calls after every task modification (Level-7)","messageBody":"","fileTypesAndContributionMap":{"java":{"insertions":113,"deletions":0}}},{"hash":"41d6e124092ebb1b978e93ed576cd5a34bc42b85","isMergeCommit":true,"messageTitle":"Merge branch-Level-7: implement persistent save/load","messageBody":"","tags":["Level-7"],"fileTypesAndContributionMap":{}},{"hash":"12000ff3f8b5fbce1f5085642152fcacb74e9802","isMergeCommit":false,"messageTitle":"feat: added local data to Deadline class","messageBody":"","fileTypesAndContributionMap":{"java":{"insertions":13,"deletions":1}}},{"hash":"6ccf3cf9c7d7e823747eb6ac85076d2cd7cf4d5e","isMergeCommit":false,"messageTitle":"feat: add local data to Event class","messageBody":"","fileTypesAndContributionMap":{"java":{"insertions":16,"deletions":8}}},{"hash":"361fed4097041e6bd249b8a3c8fa03c9c07b58b7","isMergeCommit":true,"messageTitle":"Merge branch-Level-8: Level-8 Dates and Times","messageBody":"","tags":["Level-8"],"fileTypesAndContributionMap":{}},{"hash":"2d720d816357252c7a8776d640f20ece76bb7f49","isMergeCommit":false,"messageTitle":"feat: implement classes for UI, Parser and move some task list management into a seperate class","messageBody":"","fileTypesAndContributionMap":{"java":{"insertions":142,"deletions":10}}},{"hash":"bc3d12aeee1922970e31b7d8b9cdc52ed99f5011","isMergeCommit":false,"messageTitle":"feat: implement full Command pattern for A-MoreOOP","messageBody":"","tags":["A-MoreOOP"],"fileTypesAndContributionMap":{"java":{"insertions":286,"deletions":162}}},{"hash":"07909d7f174a1e64c721affc0e1f873aa16da9fe","isMergeCommit":false,"messageTitle":"fix: remove duplicate constructor in TaskList and resolve compilation error","messageBody":"","tags":["A-Packages","A-CodingStandard"],"fileTypesAndContributionMap":{"java":{"insertions":57,"deletions":9}}}]},{"date":"2026-02-07T00:00:00","commitResults":[{"hash":"8c8358c91754cffab181dfee78172354d7da0fcc","isMergeCommit":false,"messageTitle":"docs: add comprehensive Javadoc comments to all public classes and methods for A-JavaDoc","messageBody":"","tags":["A-JavaDoc"],"fileTypesAndContributionMap":{"java":{"insertions":132,"deletions":2}}},{"hash":"0c4c6a60d491a41e4d70ce2ef1ed6e82adb3e4ae","isMergeCommit":false,"messageTitle":"feat: implement find command to search task descriptions for Level-9","messageBody":"","tags":["Level-9","A-Cheer"],"fileTypesAndContributionMap":{"java":{"insertions":43,"deletions":0}}},{"hash":"b2a422365beccb79e65b951994694317c5768afa","isMergeCommit":false,"messageTitle":"Resolve merge conflict in Parser.java and merge branch-A-Cheer","messageBody":"","fileTypesAndContributionMap":{"txt":{"insertions":7,"deletions":0},"java":{"insertions":36,"deletions":0}}}]},{"date":"2026-02-14T00:00:00","commitResults":[{"hash":"9ded29f9ad598d7905df6ea4e8804f76524d9f65","isMergeCommit":false,"messageTitle":"Docs: Add Javadoc for Parser class","messageBody":"","fileTypesAndContributionMap":{"java":{"insertions":10,"deletions":5}}},{"hash":"dbbb17e9bcfa53b4cfad1bd715e6f804f263482f","isMergeCommit":false,"messageTitle":"fix: Remove undefined function calls","messageBody":"","fileTypesAndContributionMap":{"java":{"insertions":0,"deletions":4}}},{"hash":"d5390ddd09898e546dc5768a7a6db48c7af61891","isMergeCommit":true,"messageTitle":"Merge branch \u0027branch-A-JavaDoc\u0027","messageBody":"","fileTypesAndContributionMap":{}},{"hash":"bd721d98090be892f5c2566411067e99de12655d","isMergeCommit":false,"messageTitle":"feat: integrate Checkstyle with configuration and run checkstyleMain successfully for A-CheckStyle","messageBody":"","fileTypesAndContributionMap":{"java":{"insertions":21,"deletions":11}}},{"hash":"debe1fa889c7ea7b59184995c7c133afe2e5b639","isMergeCommit":true,"messageTitle":"Merge branch-A-CheckStyle: A-CheckStyle integration","messageBody":"","tags":["A-CheckStyle"],"fileTypesAndContributionMap":{}},{"hash":"c19ddf07cdcaa6236cde0e0a5e931b7e4d941756","isMergeCommit":false,"messageTitle":"feat: configure JavaFX 21 plugin and Launcher class for Level-10 GUI","messageBody":"","fileTypesAndContributionMap":{"java":{"insertions":7,"deletions":0}}},{"hash":"1d76bfa5c8313ae0db110d9f3dc025ac3494f1cf","isMergeCommit":false,"messageTitle":"feat: implement GUI layout with ScrollPane, TextField, Send button and DialogBox and integrate GUI with PranavBot backend for real command execution and response display","messageBody":"","fileTypesAndContributionMap":{"java":{"insertions":374,"deletions":70}}},{"hash":"4476a9d4c3714981d91cd86d17ebb789d7fc010b","isMergeCommit":true,"messageTitle":"Merge branch-Level-10: Level-10 JavaFX GUI","messageBody":"","tags":["Level-10"],"fileTypesAndContributionMap":{}},{"hash":"d39b57b714df91dbc2c5bb08ad58a4334634a66a","isMergeCommit":false,"messageTitle":"test: add unit tests for AddTodoCommand and ExitCommand","messageBody":"","fileTypesAndContributionMap":{"java":{"insertions":84,"deletions":4}}}]},{"date":"2026-02-26T00:00:00","commitResults":[{"hash":"79c9c12fdb0e86752145097480d2853e2c397679","isMergeCommit":false,"messageTitle":"Add unit tests for core components","messageBody":"- TaskListTest: add, mark, unmark, remove, defensive copy\n- StorageTest: empty file, valid/invalid parsing, round-trip save/load\n- ParserTest: command recognition for all main command types\n- AddDeadlineCommandTest: valid input, missing /by, invalid date\n- AddTodoCommandTest \u0026 ExitCommandTest: already present, kept for completeness\n","fileTypesAndContributionMap":{"java":{"insertions":256,"deletions":1}}},{"hash":"0c24676b7c261af0c24c01349d19abe8397f398e","isMergeCommit":false,"messageTitle":"Add UpdateCommand skeleton and register it in Parser","messageBody":"- Create UpdateCommand.java with basic structure\n- Add \"update\" case to Parser.parse()\n","fileTypesAndContributionMap":{"java":{"insertions":120,"deletions":0}}},{"hash":"8a47b9e88b0ec2f40d0fa511c1b7cdf9ae26bb96","isMergeCommit":false,"messageTitle":"Extend TaskList.add() with optional index parameter for replacement","messageBody":"- Add overload add(Task, int index) where index \u003d -1 means append\n- Use ArrayList.set() to replace at given position\n- Keep original add(Task) as convenience overload\n- Enables UpdateCommand to preserve task order when updating\n","fileTypesAndContributionMap":{"java":{"insertions":103,"deletions":72}}}]}]},"authorFileTypeContributionMap":{"Pranav-Pudi":{"java":1715,"md":3,"txt":26}},"authorContributionVariance":{"Pranav-Pudi":25742.498},"authorDisplayNameMap":{"Pranav-Pudi":"Pranav-Pudi"}}
