{"repoSenseVersion":"524076bfc5","reportGeneratedTime":"Mon, 2 Mar 2026 10:40:47 SGT","reportGenerationTime":" 5.84 second(s)","zoneId":"Asia/Singapore","reportTitle":"RepoSense Report","repos":[{"location":{"location":"https://github.com/ashjwley03/ip.git","repoName":"ip","organization":"ashjwley03","domainName":"github"},"branch":"master","displayName":"ashjwley03/ip[master]","outputFolderName":"ashjwley03_ip_master","sinceDate":"2026-01-01T00:00:00","untilDate":"2026-03-02T23:59:59"},{"location":{"location":"https://github.com/LEDTOMATO/ip.git","repoName":"ip","organization":"LEDTOMATO","domainName":"github"},"branch":"master","displayName":"LEDTOMATO/ip[master]","outputFolderName":"LEDTOMATO_ip_master","sinceDate":"2026-01-01T00:00:00","untilDate":"2026-03-02T23:59:59"},{"location":{"location":"https://github.com/cheranlee/ip.git","repoName":"ip","organization":"cheranlee","domainName":"github"},"branch":"master","displayName":"cheranlee/ip[master]","outputFolderName":"cheranlee_ip_master","sinceDate":"2026-01-01T00:00:00","untilDate":"2026-03-02T23:59:59"},{"location":{"location":"https://github.com/siaoarh/ip.git","repoName":"ip","organization":"siaoarh","domainName":"github"},"branch":"master","displayName":"siaoarh/ip[master]","outputFolderName":"siaoarh_ip_master","sinceDate":"2026-01-01T00:00:00","untilDate":"2026-03-02T23:59:59"},{"location":{"location":"https://github.com/Muzhou-exe/ip.git","repoName":"ip","organization":"Muzhou-exe","domainName":"github"},"branch":"master","displayName":"Muzhou-exe/ip[master]","outputFolderName":"Muzhou-exe_ip_master","sinceDate":"2026-01-01T00:00:00","untilDate":"2026-03-02T23:59:59"},{"location":{"location":"https://github.com/WEIJIE-01/ip.git","repoName":"ip","organization":"WEIJIE-01","domainName":"github"},"branch":"master","displayName":"WEIJIE-01/ip[master]","outputFolderName":"WEIJIE-01_ip_master","sinceDate":"2026-01-01T00:00:00","untilDate":"2026-03-02T23:59:59"},{"location":{"location":"https://github.com/manyag-25/ip.git","repoName":"ip","organization":"manyag-25","domainName":"github"},"branch":"master","displayName":"manyag-25/ip[master]","outputFolderName":"manyag-25_ip_master","sinceDate":"2026-01-01T00:00:00","untilDate":"2026-03-02T23:59:59"},{"location":{"location":"https://github.com/Astatyr/ip.git","repoName":"ip","organization":"Astatyr","domainName":"github"},"branch":"master","displayName":"Astatyr/ip[master]","outputFolderName":"Astatyr_ip_master","sinceDate":"2026-01-01T00:00:00","untilDate":"2026-03-02T23:59:59"},{"location":{"location":"https://github.com/Ianos828/ip.git","repoName":"ip","organization":"Ianos828","domainName":"github"},"branch":"master","displayName":"Ianos828/ip[master]","outputFolderName":"Ianos828_ip_master","sinceDate":"2026-01-01T00:00:00","untilDate":"2026-03-02T23:59:59"},{"location":{"location":"https://github.com/PeterShanxin/ip.git","repoName":"ip","organization":"PeterShanxin","domainName":"github"},"branch":"master","displayName":"PeterShanxin/ip[master]","outputFolderName":"PeterShanxin_ip_master","sinceDate":"2026-01-01T00:00:00","untilDate":"2026-03-02T23:59:59"},{"location":{"location":"https://github.com/LingWL02/ip.git","repoName":"ip","organization":"LingWL02","domainName":"github"},"branch":"master","displayName":"LingWL02/ip[master]","outputFolderName":"LingWL02_ip_master","sinceDate":"2026-01-01T00:00:00","untilDate":"2026-03-02T23:59:59"},{"location":{"location":"https://github.com/jimmy-neu/ip.git","repoName":"ip","organization":"jimmy-neu","domainName":"github"},"branch":"master","displayName":"jimmy-neu/ip[master]","outputFolderName":"jimmy-neu_ip_master","sinceDate":"2026-01-01T00:00:00","untilDate":"2026-03-02T23:59:59"},{"location":{"location":"https://github.com/Dia-R/ip.git","repoName":"ip","organization":"Dia-R","domainName":"github"},"branch":"master","displayName":"Dia-R/ip[master]","outputFolderName":"Dia-R_ip_master","sinceDate":"2026-01-01T00:00:00","untilDate":"2026-03-02T23:59:59"},{"location":{"location":"https://github.com/XMOKE2435/ip.git","repoName":"ip","organization":"XMOKE2435","domainName":"github"},"branch":"master","displayName":"XMOKE2435/ip[master]","outputFolderName":"XMOKE2435_ip_master","sinceDate":"2026-01-01T00:00:00","untilDate":"2026-03-02T23:59:59"},{"location":{"location":"https://github.com/Zanedoesit/ip.git","repoName":"ip","organization":"Zanedoesit","domainName":"github"},"branch":"master","displayName":"Zanedoesit/ip[master]","outputFolderName":"Zanedoesit_ip_master","sinceDate":"2026-01-01T00:00:00","untilDate":"2026-03-02T23:59:59"},{"location":{"location":"https://github.com/weixuan01/ip.git","repoName":"ip","organization":"weixuan01","domainName":"github"},"branch":"master","displayName":"weixuan01/ip[master]","outputFolderName":"weixuan01_ip_master","sinceDate":"2026-01-01T00:00:00","untilDate":"2026-03-02T23:59:59"},{"location":{"location":"https://github.com/Pranav-Pudi/ip.git","repoName":"ip","organization":"Pranav-Pudi","domainName":"github"},"branch":"master","displayName":"Pranav-Pudi/ip[master]","outputFolderName":"Pranav-Pudi_ip_master","sinceDate":"2026-01-01T00:00:00","untilDate":"2026-03-02T23:59:59"},{"location":{"location":"https://github.com/pinkcar203/ip.git","repoName":"ip","organization":"pinkcar203","domainName":"github"},"branch":"master","displayName":"pinkcar203/ip[master]","outputFolderName":"pinkcar203_ip_master","sinceDate":"2026-01-01T00:00:00","untilDate":"2026-03-02T23:59:59"},{"location":{"location":"https://github.com/IV-pratibha-0912/ip.git","repoName":"ip","organization":"IV-pratibha-0912","domainName":"github"},"branch":"master","displayName":"IV-pratibha-0912/ip[master]","outputFolderName":"IV-pratibha-0912_ip_master","sinceDate":"2026-01-01T00:00:00","untilDate":"2026-03-02T23:59:59"},{"location":{"location":"https://github.com/chucksupasi/ip.git","repoName":"ip","organization":"chucksupasi","domainName":"github"},"branch":"master","displayName":"chucksupasi/ip[master]","outputFolderName":"chucksupasi_ip_master","sinceDate":"2026-01-01T00:00:00","untilDate":"2026-03-02T23:59:59"},{"location":{"location":"https://github.com/TEC-wert11/ip.git","repoName":"ip","organization":"TEC-wert11","domainName":"github"},"branch":"master","displayName":"TEC-wert11/ip[master]","outputFolderName":"TEC-wert11_ip_master","sinceDate":"2026-01-01T00:00:00","untilDate":"2026-03-02T23:59:59"},{"location":{"location":"https://github.com/Gogeta2792/ip.git","repoName":"ip","organization":"Gogeta2792","domainName":"github"},"branch":"master","displayName":"Gogeta2792/ip[master]","outputFolderName":"Gogeta2792_ip_master","sinceDate":"2026-01-01T00:00:00","untilDate":"2026-03-02T23:59:59"},{"location":{"location":"https://github.com/Yugam2508/ip.git","repoName":"ip","organization":"Yugam2508","domainName":"github"},"branch":"master","displayName":"Yugam2508/ip[master]","outputFolderName":"Yugam2508_ip_master","sinceDate":"2026-01-01T00:00:00","untilDate":"2026-03-02T23:59:59"},{"location":{"location":"https://github.com/YeowChunSiang/ip.git","repoName":"ip","organization":"YeowChunSiang","domainName":"github"},"branch":"master","displayName":"YeowChunSiang/ip[master]","outputFolderName":"YeowChunSiang_ip_master","sinceDate":"2026-01-01T00:00:00","untilDate":"2026-03-02T23:59:59"}],"errorSet":[],"sinceDate":"2026-01-01T00:00:00","untilDate":"2026-03-02T23:59:59","isSinceDateProvided":true,"isUntilDateProvided":true,"supportedDomainUrlMap":{"NOT_RECOGNIZED":{"BRANCH":"","REPO_URL":"UNSUPPORTED","BASE_URL":"UNSUPPORTED","HISTORY_PATH":"","COMMIT_PATH":"","BLAME_PATH":""},"github":{"BRANCH":"tree/$BRANCH","REPO_URL":"https://github.com/$ORGANIZATION/$REPO_NAME/","BASE_URL":"https://github.com/","HISTORY_PATH":"commits/$BRANCH/$FILE_PATH","COMMIT_PATH":"commit/$COMMIT_HASH","BLAME_PATH":"blame/$BRANCH/$FILE_PATH"}},"isAuthorshipAnalyzed":false,"repoBlurbs":{"blurbMap":{}},"authorBlurbs":{"blurbMap":{}},"chartBlurbs":{"blurbMap":{}},"isPortfolio":false}
