{"authorDailyContributionsMap":{"Ianos828":[{"date":"2026-01-23T00:00:00","commitResults":[{"hash":"20c37f564a3e3665882f2c7a89860a3aebf7a47f","isMergeCommit":false,"messageTitle":"Implement initial skeletal version","messageBody":"","tags":["Level-0"],"fileTypesAndContributionMap":{"java":{"insertions":3,"deletions":6}}},{"hash":"b9300ae94f843fe4db1806a83b76a4efa3d76569","isMergeCommit":false,"messageTitle":"Improved skeletal version","messageBody":"","fileTypesAndContributionMap":{"java":{"insertions":11,"deletions":0}}},{"hash":"9d9c5811e1e56ad434f80084d1b6d7f353133054","isMergeCommit":false,"messageTitle":"Revert \"Improved skeletal version\"","messageBody":"This reverts commit b9300ae94f843fe4db1806a83b76a4efa3d76569.\n","fileTypesAndContributionMap":{"java":{"insertions":0,"deletions":11}}},{"hash":"ca35a5b397044184ecc086c882e5efa0ec86b7d8","isMergeCommit":false,"messageTitle":"Improve skeletal version","messageBody":"","tags":["Level-1"],"fileTypesAndContributionMap":{"java":{"insertions":11,"deletions":0}}},{"hash":"5083ea9803d5b4ee21921f035b80b2b4d6b6c458","isMergeCommit":false,"messageTitle":"Add ability to store and display user text","messageBody":"","tags":["Level-2"],"fileTypesAndContributionMap":{"java":{"insertions":21,"deletions":1}}},{"hash":"4e3999431b9a859908b8caead2917b5a78fcda77","isMergeCommit":false,"messageTitle":"Add ability to mark tasks as done or revert to not done","messageBody":"","tags":["Level-3"],"fileTypesAndContributionMap":{"java":{"insertions":108,"deletions":14}}}]},{"date":"2026-01-24T00:00:00","commitResults":[{"hash":"50a933a72e566c42fcbe52ab5bd68c9f5c7c6521","isMergeCommit":false,"messageTitle":"Add support for ToDo, Deadline and Event Tasks","messageBody":"","tags":["Level-4"],"fileTypesAndContributionMap":{"java":{"insertions":146,"deletions":40}}},{"hash":"4cba75a1e579f39f4afdf3f3c86504ce3d3cd846","isMergeCommit":false,"messageTitle":"Teach chatbot to deal with incorrect inputs entered by user","messageBody":"","tags":["Level-5"],"fileTypesAndContributionMap":{"java":{"insertions":133,"deletions":99}}},{"hash":"c3b40cb921cf2b7187990aed0065753ef132b4d1","isMergeCommit":false,"messageTitle":"Use Java Enums for command parsing","messageBody":"","tags":["A-Enums"],"fileTypesAndContributionMap":{"java":{"insertions":5,"deletions":5}}},{"hash":"31f86ebef656de9f67d774e310bcb8beb9b23c5c","isMergeCommit":false,"messageTitle":"Add input/output redirection technique to semi-automate testing of Duchess","messageBody":"","tags":["A-TextUiTesting"],"fileTypesAndContributionMap":{"txt":{"insertions":15,"deletions":0},"java":{"insertions":9,"deletions":3}}},{"hash":"ed8d50872867f9ce0770eb324caf1be2bdaf3d62","isMergeCommit":false,"messageTitle":"Add support for deleting tasks from the list","messageBody":"","tags":["Level-6"],"fileTypesAndContributionMap":{"txt":{"insertions":3,"deletions":0},"java":{"insertions":43,"deletions":6}}}]},{"date":"2026-01-29T00:00:00","commitResults":[{"hash":"70143d6f6b9d3695728546790e97ef05faf682ab","isMergeCommit":false,"messageTitle":"Add javadoc comments to most classes and methods. Group classes into respective packages","messageBody":"","fileTypesAndContributionMap":{"java":{"insertions":320,"deletions":177}}}]},{"date":"2026-01-31T00:00:00","commitResults":[{"hash":"abe2117511662a133d6f62d4b3a19ff929e9afa1","isMergeCommit":false,"messageTitle":"Add Parser and Command classes to handle user commands in a more dynamic way. Add support for unordered delimiters to parse command arguments for Deadlines and Events. Overhaul error handling to be more specific. Complete javadoc commenting on everything.","messageBody":"","fileTypesAndContributionMap":{"java":{"insertions":629,"deletions":152}}}]},{"date":"2026-02-02T00:00:00","commitResults":[{"hash":"007bef667212c5393016cb7ad1aad9a4aa1624cc","isMergeCommit":false,"messageTitle":"Fix grammar for Command and Parser classes\u0027 javadoc comments.","messageBody":"","fileTypesAndContributionMap":{"java":{"insertions":4,"deletions":4}}},{"hash":"7f492876914becd04fb9b5524bf9595f97e86b7a","isMergeCommit":false,"messageTitle":"Rename Parser to CommandParser for greater flexibility in future feature developments","messageBody":"","fileTypesAndContributionMap":{"java":{"insertions":5,"deletions":5}}},{"hash":"74852bcd6b50d91da25c365dad401cc9a27c862b","isMergeCommit":false,"messageTitle":"Add string representations to Tasks for file writing purposes","messageBody":"","fileTypesAndContributionMap":{"java":{"insertions":19,"deletions":2}}},{"hash":"d2908ef46e52a60f9dc787d97fbadf9f37e6f0c0","isMergeCommit":false,"messageTitle":"Add saving capability when Tasks are created or updated in the list","messageBody":"","fileTypesAndContributionMap":{"java":{"insertions":101,"deletions":18}}},{"hash":"eba5560fc9a9251a0cf7a4a56f4b8c386bc7444e","isMergeCommit":false,"messageTitle":"Make success message print only when create commands add task to TaskList","messageBody":"","fileTypesAndContributionMap":{"java":{"insertions":19,"deletions":17}}},{"hash":"6d1e0b4d2016f1ba1ca56d2129c2d9a070a594fb","isMergeCommit":false,"messageTitle":"Modify TaskList collection variable names to conform to Java coding standard","messageBody":"","fileTypesAndContributionMap":{"java":{"insertions":29,"deletions":29}}},{"hash":"ae95ea147d6e3f5755b5b92c1e35f6f668f2c5bf","isMergeCommit":false,"messageTitle":"Refactor Parser class into CommandParser to accommodate future file I/O requirements","messageBody":"","fileTypesAndContributionMap":{"java":{"insertions":20,"deletions":15}}},{"hash":"2447f6b0ebfadfcc96ef94ed6874557ba5c36e16","isMergeCommit":false,"messageTitle":"Add support for reading from tasks.txt to generate task list.","messageBody":"Reading from file handles corrupted inputs by skipping the current\nline. String parsing is more stringent compared to user commands.\n","fileTypesAndContributionMap":{"java":{"insertions":172,"deletions":11}}},{"hash":"1f970cd76e38f3d0e61662a90509a4ee8ed53fda","isMergeCommit":false,"messageTitle":"Add overloaded constructor for three task types to accommodate creating tasks via file instead of just user commands","messageBody":"","fileTypesAndContributionMap":{"java":{"insertions":18,"deletions":0}}},{"hash":"1dc56841df67cecbe05572c927b2c92d91df27e3","isMergeCommit":false,"messageTitle":"Add support for task list initialisation via task.txt in chatbot","messageBody":"","fileTypesAndContributionMap":{"java":{"insertions":8,"deletions":7}}},{"hash":"b16e99a76df4c4459f4b660a57fcf09699ab87fc","isMergeCommit":true,"messageTitle":"Add support for loading and saving list to disk","messageBody":"Duchess tries to read from /data/task.txt to\ngenerate a saved task list. Corrupted entries\nwill be skipped.\n\nTasks will be saved to the same directory\nwhenever a change is made to the list via user\ncommands.\n","tags":["Level-7"],"fileTypesAndContributionMap":{}}]},{"date":"2026-02-03T00:00:00","commitResults":[{"hash":"9de20491c7ce45283a16f6bb5ff2ed79b55736da","isMergeCommit":false,"messageTitle":"Convert Parser class to Utility class to avoid OOP abuse: Refused Bequest","messageBody":"","fileTypesAndContributionMap":{"java":{"insertions":9,"deletions":7}}},{"hash":"8539590fae3a165e3ca3e84fbafae518725eabaf","isMergeCommit":false,"messageTitle":"Add method in Utility class to validate task names","messageBody":"","fileTypesAndContributionMap":{"java":{"insertions":10,"deletions":4}}},{"hash":"7cabadfa77d30728297321da9f8e79def1b64520","isMergeCommit":false,"messageTitle":"Apply task name validation method to FileParser getTask method","messageBody":"","fileTypesAndContributionMap":{"java":{"insertions":1,"deletions":1}}},{"hash":"cd1b109ed090b74b20043ea3908015bc706e639e","isMergeCommit":false,"messageTitle":"Clean up import consistency across Command classes","messageBody":"","fileTypesAndContributionMap":{"java":{"insertions":34,"deletions":12}}},{"hash":"0dd7210c3bf2067cfee28e61d81cbdf166fb2075","isMergeCommit":false,"messageTitle":"Refactor generic parsing methods into Utility class and fix affected method calls","messageBody":"","fileTypesAndContributionMap":{"java":{"insertions":74,"deletions":53}}},{"hash":"e6944654a76c1d2eaf49951be6d69b963e4c98f2","isMergeCommit":false,"messageTitle":"Rename classes relating to marking task completion statuses to group them alphabetically","messageBody":"","fileTypesAndContributionMap":{"java":{"insertions":12,"deletions":13}}},{"hash":"07f06db2f212af69e6660df2c70e854651b7268a","isMergeCommit":false,"messageTitle":"Remove MangledTaskException in favour of other already present Exceptions","messageBody":"","fileTypesAndContributionMap":{"java":{"insertions":0,"deletions":13}}},{"hash":"dcc1ec5f4e29ae52d60e57cf6a60c84328e3d960","isMergeCommit":false,"messageTitle":"Add validation checks for task date formats. Only dates in the YYYY-MM-DD format will be accepted","messageBody":"","fileTypesAndContributionMap":{"java":{"insertions":67,"deletions":50}}},{"hash":"2b205e748bd1fc524268b26e34f9ce2a5850364f","isMergeCommit":false,"messageTitle":"Add alternative date format when printing tasks to console","messageBody":"","fileTypesAndContributionMap":{"java":{"insertions":12,"deletions":2}}},{"hash":"a0b8c49da8689eb5ba3f12364d686cef2b846209","isMergeCommit":false,"messageTitle":"Add TaskType attribute to Tasks","messageBody":"","fileTypesAndContributionMap":{"java":{"insertions":30,"deletions":13}}},{"hash":"a3823a8a6e140d4e8fabb8e66da891c4ba825b4f","isMergeCommit":false,"messageTitle":"Add check to make sure Event must start before it ends","messageBody":"","fileTypesAndContributionMap":{"java":{"insertions":4,"deletions":0}}},{"hash":"317250bbec830b8c1fa59596c79704524eb2d7a0","isMergeCommit":false,"messageTitle":"Fix capitalisation errors for TaskType and corresponding methods","messageBody":"","fileTypesAndContributionMap":{"java":{"insertions":7,"deletions":7}}},{"hash":"514ae2bc72274c49cf62e114b244fae0d6d60eaa","isMergeCommit":false,"messageTitle":"Add support to filter tasks by before/on/after specified dates","messageBody":"","fileTypesAndContributionMap":{"java":{"insertions":252,"deletions":12}}},{"hash":"ec5966d29c155dae51240da37fb57701c98ca81e","isMergeCommit":false,"messageTitle":"Fix exception message when user does not provide date to filter","messageBody":"","fileTypesAndContributionMap":{"java":{"insertions":3,"deletions":3}}},{"hash":"f62f80829ebd68570a8f2d68d77d782aa34107ef","isMergeCommit":false,"messageTitle":"Remove redundant empty string check in Command classes","messageBody":"","fileTypesAndContributionMap":{"java":{"insertions":1,"deletions":13}}},{"hash":"ae594ca8c0cd9aadeff6ea4a6ce4263f5fd8822f","isMergeCommit":true,"messageTitle":"Teach Duchess to understand and store dates","messageBody":"Duchess can validate and store dates in YYYY-MM-DD format.\nUser can filter Deadlines and Events using \"before\", \"after\"\nand \"on\" commands.\n","tags":["Level-8"],"fileTypesAndContributionMap":{}}]},{"date":"2026-02-04T00:00:00","commitResults":[{"hash":"0b778a86dfeb13811999ec21c45254a08196d38e","isMergeCommit":false,"messageTitle":"Rename TaskType class to follow PascalCase","messageBody":"","fileTypesAndContributionMap":{"java":{"insertions":0,"deletions":0}}},{"hash":"08eb2de46d64b026daa266a27779eff9eff10492","isMergeCommit":false,"messageTitle":"Make TaskList iterable","messageBody":"","fileTypesAndContributionMap":{"java":{"insertions":14,"deletions":13}}},{"hash":"e4ebafd4cdc18a4997613bf59709fb193beb025e","isMergeCommit":true,"messageTitle":"Merge branch \u0027master\u0027 into master","messageBody":"","fileTypesAndContributionMap":{}},{"hash":"009829c51a7a6e9590854db2b77366502eb64ba4","isMergeCommit":false,"messageTitle":"Add ability to check if task is outstanding based on date","messageBody":"","fileTypesAndContributionMap":{"java":{"insertions":54,"deletions":33}}},{"hash":"7821c9abd01051dff966c1928d5b3db14ddf7b88","isMergeCommit":false,"messageTitle":"Remove ability to filter task before/on/after date","messageBody":"","fileTypesAndContributionMap":{"java":{"insertions":0,"deletions":223}}},{"hash":"c5b8fcd480b11d5b92e5cd195d247bdc659d81b6","isMergeCommit":false,"messageTitle":"Add ability to filter outstanding tasks based on date and status","messageBody":"Deadlines: Outstanding if incomplete and deadline has not passed.\nEvents: Outstanding if incomplete, has started but not ended.\n","fileTypesAndContributionMap":{"java":{"insertions":42,"deletions":14}}},{"hash":"b8bae8753186fcad9b4a2817595305dac6760d55","isMergeCommit":true,"messageTitle":"Modify filter function to display outstanding task","messageBody":"","fileTypesAndContributionMap":{}},{"hash":"f7bb2ce7bc44c0bdeed9d9abddb0cb3d90054069","isMergeCommit":false,"messageTitle":"Add Ui class to handle user interactions","messageBody":"","fileTypesAndContributionMap":{"java":{"insertions":29,"deletions":0}}},{"hash":"42fd5b51e3cd7c0bd8fc1d6afc59f9444f095c65","isMergeCommit":false,"messageTitle":"Remove messages when failing to parse tasks from file","messageBody":"","fileTypesAndContributionMap":{"java":{"insertions":18,"deletions":33}}},{"hash":"3c1099a5036687430ad8f50f2d1ed0c21507a92f","isMergeCommit":false,"messageTitle":"Modify commands and list to return strings","messageBody":"No more printing in individual methods.\n","fileTypesAndContributionMap":{"java":{"insertions":64,"deletions":49}}},{"hash":"f268cb0b7b4b8176f823592baff4e3b4c8d5d9d5","isMergeCommit":false,"messageTitle":"Integrate Ui to handle user interactions","messageBody":"","fileTypesAndContributionMap":{"java":{"insertions":33,"deletions":17}}},{"hash":"0e53df51b0ce924e0fbc4ac6f08055105f12bdcd","isMergeCommit":true,"messageTitle":"Refactor code to extract out classes","messageBody":"","tags":["A-MoreOOP"],"fileTypesAndContributionMap":{}},{"hash":"753215a729d141e1c7083a9313a7ddafdee24b4d","isMergeCommit":false,"messageTitle":"Refactor classes into packages","messageBody":"","fileTypesAndContributionMap":{"java":{"insertions":185,"deletions":189}}},{"hash":"7cbef54ff1e4f1f4c3992d4fa847219b19066d7f","isMergeCommit":true,"messageTitle":"Refactor classes into packages","messageBody":"","tags":["A-Packages"],"fileTypesAndContributionMap":{}},{"hash":"dc4781c5df1b96f137d6cdc797c0eddb1960cfb7","isMergeCommit":false,"messageTitle":"Fix javadoc comments","messageBody":"","fileTypesAndContributionMap":{"java":{"insertions":78,"deletions":78}}},{"hash":"84dcb6a32eba0257c151c5b703ec529624f9efd2","isMergeCommit":true,"messageTitle":"Set up gradle","messageBody":"","tags":["A-Gradle"],"fileTypesAndContributionMap":{}}]},{"date":"2026-02-05T00:00:00","commitResults":[{"hash":"3a5a1a01b7459b2cd4f2c62a3dcf01780d3500fa","isMergeCommit":false,"messageTitle":"Made TaskList not Iterable\"","messageBody":"","fileTypesAndContributionMap":{"java":{"insertions":1,"deletions":6}}},{"hash":"de1fbfca5c0c3f07448c19b33aaba98771aa1130","isMergeCommit":false,"messageTitle":"Add JUnit test for CommandParser","messageBody":"","fileTypesAndContributionMap":{"java":{"insertions":32,"deletions":0}}},{"hash":"749fb54b3d728b976e897d94613484ad4eb9eba4","isMergeCommit":false,"messageTitle":"Remove blank lines between imports","messageBody":"","fileTypesAndContributionMap":{"java":{"insertions":4,"deletions":0}}},{"hash":"b10ed2802397e1c6424093594826813296d45c1d","isMergeCommit":false,"messageTitle":"Add JUnit Test for CreateDeadlineCommand","messageBody":"","fileTypesAndContributionMap":{"java":{"insertions":62,"deletions":0}}},{"hash":"4318a88099e132a3f5056df72cb04df7985d3be9","isMergeCommit":false,"messageTitle":"Make CreateDeadlineCommandTest tests more specific","messageBody":"","fileTypesAndContributionMap":{"java":{"insertions":22,"deletions":5}}},{"hash":"cd899828eb7f4c88bfc33d718f841a1c31181f70","isMergeCommit":false,"messageTitle":"Add JUnit tests for CreateEventCommand","messageBody":"","fileTypesAndContributionMap":{"java":{"insertions":114,"deletions":0}}},{"hash":"f84bc353dc6f59e2a756c2207b1749784b286f9a","isMergeCommit":false,"messageTitle":"Add JUnit tests for CreateToDoCommand","messageBody":"","fileTypesAndContributionMap":{"java":{"insertions":56,"deletions":0}}},{"hash":"9b205ea5e2b0a3623dc0a42bb94590d656a62875","isMergeCommit":false,"messageTitle":"Fix indentations","messageBody":"","fileTypesAndContributionMap":{"java":{"insertions":12,"deletions":12}}},{"hash":"31cac887269d45a8540221e92403ca9bb01cc5c7","isMergeCommit":false,"messageTitle":"Add JUnit tests for DeleteTaskCommand","messageBody":"","fileTypesAndContributionMap":{"java":{"insertions":80,"deletions":0}}},{"hash":"ae712acf4ed9b953a644841b1452353c47b6104d","isMergeCommit":false,"messageTitle":"Fix more indentations","messageBody":"","fileTypesAndContributionMap":{"java":{"insertions":6,"deletions":7}}},{"hash":"20b146c3e0684cb9a54728a989411623f204bbf9","isMergeCommit":false,"messageTitle":"Add JUnit tests for DisplayListCommand","messageBody":"","fileTypesAndContributionMap":{"java":{"insertions":51,"deletions":0}}},{"hash":"c1e60c7c568688e75835be9e373fcb34559a5866","isMergeCommit":false,"messageTitle":"Add JUnit tests for FindOutstandingCommand","messageBody":"","fileTypesAndContributionMap":{"java":{"insertions":1,"deletions":1}}},{"hash":"47759ae7ffc9e18961da5f4ae3e01cb626c58bfe","isMergeCommit":false,"messageTitle":"Fix bugs related to FindOutstandingCommand","messageBody":"","fileTypesAndContributionMap":{"java":{"insertions":81,"deletions":1}}},{"hash":"7f663f039a91b91a71ec0169a6687b2d263fb563","isMergeCommit":false,"messageTitle":"Fix typo","messageBody":"","fileTypesAndContributionMap":{"java":{"insertions":1,"deletions":1}}},{"hash":"887b5496feefefe265b83b8590f4ecc4a7104afa","isMergeCommit":false,"messageTitle":"Add JUnit tests for MarkTaskCompleteCommand","messageBody":"","fileTypesAndContributionMap":{"java":{"insertions":69,"deletions":0}}},{"hash":"44af632d0b70a76e9b159581591c6556b8d3a4ac","isMergeCommit":false,"messageTitle":"Add JUnit tests for MarkTaskIncompleteCommandTest","messageBody":"","fileTypesAndContributionMap":{"java":{"insertions":69,"deletions":0}}},{"hash":"7d4ffcc0b547ab6f9ab72b9979830d423fabfb8d","isMergeCommit":false,"messageTitle":"Change access modifiers for setUp and tearDown","messageBody":"","fileTypesAndContributionMap":{"java":{"insertions":4,"deletions":4}}},{"hash":"86f0368d986a3021062441fab2c7ff58a2d62fde","isMergeCommit":false,"messageTitle":"Add JUnit test for TerminateCommand","messageBody":"","fileTypesAndContributionMap":{"java":{"insertions":38,"deletions":0}}},{"hash":"cba71a23f21fc0ad97a1e5b5138bf8568d4e6b12","isMergeCommit":false,"messageTitle":"Fix indentations","messageBody":"","fileTypesAndContributionMap":{"java":{"insertions":3,"deletions":1}}},{"hash":"f6a9d58d3f1ec6a445f4577ceb719ac2e6cf9a5c","isMergeCommit":false,"messageTitle":"Add JUnit test for UnknownCommand","messageBody":"","fileTypesAndContributionMap":{"java":{"insertions":40,"deletions":0}}},{"hash":"eeacd7d26b4cb17a8e926eca7042061d5bb11464","isMergeCommit":false,"messageTitle":"Repackage command tests","messageBody":"","fileTypesAndContributionMap":{"java":{"insertions":10,"deletions":30}}},{"hash":"c41225042294add5f38692c323172f813cce29e3","isMergeCommit":false,"messageTitle":"Add JUnit tests for FileParser and fix bugs","messageBody":"","fileTypesAndContributionMap":{"java":{"insertions":121,"deletions":1}}},{"hash":"fb84183a57bb5b3f750939f02e6f02b4139bfab6","isMergeCommit":false,"messageTitle":"Simplify assertEquals to assertFalse","messageBody":"","fileTypesAndContributionMap":{"java":{"insertions":1,"deletions":3}}},{"hash":"974782fd8e35e2572f808fc08993cc84cd138c56","isMergeCommit":false,"messageTitle":"Add JUnit tests for Utility","messageBody":"","fileTypesAndContributionMap":{"java":{"insertions":68,"deletions":0}}},{"hash":"dd0e443f944052b7b7073fed63febbf5504e0f20","isMergeCommit":false,"messageTitle":"Add JUnit tests for TaskList","messageBody":"","fileTypesAndContributionMap":{"java":{"insertions":74,"deletions":0}}},{"hash":"394202c7eaf1b4c3a3528594fb04854c5557c0f8","isMergeCommit":true,"messageTitle":"Add JUnit tests to test code","messageBody":"","tags":["A-JUnit"],"fileTypesAndContributionMap":{}},{"hash":"acc5bf14daeed01fa219fde2fff8eed4bf0ddba3","isMergeCommit":false,"messageTitle":"Shorten error message when TaskList is not loaded","messageBody":"","fileTypesAndContributionMap":{"java":{"insertions":3,"deletions":3}}},{"hash":"ac6125a61d2a140c40f442ecdd53de2ea64e5f90","isMergeCommit":true,"messageTitle":"Package app as JAR","messageBody":"","tags":["A-Jar"],"fileTypesAndContributionMap":{}}]},{"date":"2026-02-06T00:00:00","commitResults":[{"hash":"14b60cfb3f35c0768dfb6a5b6a743442cfdc8218","isMergeCommit":false,"messageTitle":"Delete CommandType attribute in Commands","messageBody":"","fileTypesAndContributionMap":{"java":{"insertions":48,"deletions":99}}},{"hash":"35a9cb615681950de748b48a16b52f7e13f2c504","isMergeCommit":false,"messageTitle":"Add JavaDoc comments to everything","messageBody":"","fileTypesAndContributionMap":{"java":{"insertions":248,"deletions":24}}},{"hash":"012ee25052ec312f5929cbac089bae4b78a312be","isMergeCommit":false,"messageTitle":"Standardise import order","messageBody":"","fileTypesAndContributionMap":{"java":{"insertions":20,"deletions":53}}},{"hash":"4c07c628f6a1dbe5b9def5ce07ead83e1e783304","isMergeCommit":false,"messageTitle":"Rename boolean complete to isComplete","messageBody":"","fileTypesAndContributionMap":{"java":{"insertions":15,"deletions":15}}},{"hash":"67f63c1a4599678f1755dc0e54117ad4a707a6b4","isMergeCommit":false,"messageTitle":"Fix straggler isComplete","messageBody":"","fileTypesAndContributionMap":{"java":{"insertions":3,"deletions":3}}},{"hash":"6eee20616b13e24229bc654a963e7a2ddd8ff9ee","isMergeCommit":false,"messageTitle":"Add ability to search tasks by keyword","messageBody":"","fileTypesAndContributionMap":{"java":{"insertions":82,"deletions":13}}},{"hash":"1a5ae4a1eea5b2730db27a12b2234825c48bb725","isMergeCommit":false,"messageTitle":"Cleaned up imports in tests","messageBody":"","fileTypesAndContributionMap":{"java":{"insertions":7,"deletions":20}}},{"hash":"049232d6a4d0c9ace4693ea703822b309bf90ca2","isMergeCommit":false,"messageTitle":"Add JUnit tests for FindTaskCommand","messageBody":"","fileTypesAndContributionMap":{"java":{"insertions":74,"deletions":0}}},{"hash":"f45200759c2b02745bfd8718f20678f8032701fd","isMergeCommit":false,"messageTitle":"Retain execute method testing after rollback","messageBody":"","fileTypesAndContributionMap":{"java":{"insertions":90,"deletions":36}}},{"hash":"b7b25594a65fcc49d68c17cdde0cb214f9bd352b","isMergeCommit":false,"messageTitle":"Add support for Storage to contain quotes list","messageBody":"","fileTypesAndContributionMap":{"java":{"insertions":105,"deletions":14}}},{"hash":"b46aa50202f6aa82ca768f9442f7cc7bf3976bd4","isMergeCommit":false,"messageTitle":"Add support to display random quotes","messageBody":"","fileTypesAndContributionMap":{"java":{"insertions":93,"deletions":1}}},{"hash":"0f09210670172ead7b1d65355bbe62c12e8f79e4","isMergeCommit":false,"messageTitle":"Add storage mocking to JUnit tests","messageBody":"","fileTypesAndContributionMap":{"java":{"insertions":99,"deletions":122}}},{"hash":"1b9b9667e1b44bbc48610893f1ecadd9d7230201","isMergeCommit":false,"messageTitle":"Fix import spacings","messageBody":"","fileTypesAndContributionMap":{"java":{"insertions":1,"deletions":4}}},{"hash":"8b698ece1e1055525913d9cfc7728c10bae73368","isMergeCommit":true,"messageTitle":"Merge cheer branch","messageBody":"","fileTypesAndContributionMap":{}},{"hash":"c12f690d3d2bfc4bc06694720c4f652765a1ad86","isMergeCommit":true,"messageTitle":"Merge cheer branch","messageBody":"","tags":["Level-9"],"fileTypesAndContributionMap":{}},{"hash":"404727f0cf92673faa7948c16975d4bd5e47a0e7","isMergeCommit":false,"messageTitle":"Revert \"Merge cheer branch\"","messageBody":"This reverts commit c12f690d3d2bfc4bc06694720c4f652765a1ad86, reversing\nchanges made to 8b698ece1e1055525913d9cfc7728c10bae73368.\n","fileTypesAndContributionMap":{"java":{"insertions":0,"deletions":74}}},{"hash":"b48a29e7cda78d0358dc2ef1f47c1ad50fdb1d0a","isMergeCommit":true,"messageTitle":"Merge coding standard","messageBody":"","tags":["A-JavaDoc"],"fileTypesAndContributionMap":{}},{"hash":"5c6ff38975ce02a45924d7322af4b2a0991a2f36","isMergeCommit":true,"messageTitle":"Merge find feature","messageBody":"","fileTypesAndContributionMap":{}},{"hash":"c5a6e00797ee4ba2192b04bfdcba378fb5c19d38","isMergeCommit":false,"messageTitle":"Revert \"Merge cheer branch\"","messageBody":"This reverts commit 8b698ece1e1055525913d9cfc7728c10bae73368, reversing\nchanges made to 14b60cfb3f35c0768dfb6a5b6a743442cfdc8218.\n","fileTypesAndContributionMap":{"java":{"insertions":209,"deletions":680}}},{"hash":"be1679c823583790080014cc17f3b05dbf09abe5","isMergeCommit":false,"messageTitle":"Revert \"Merge find feature\"","messageBody":"This reverts commit 5c6ff38975ce02a45924d7322af4b2a0991a2f36, reversing\nchanges made to b48a29e7cda78d0358dc2ef1f47c1ad50fdb1d0a.\n","fileTypesAndContributionMap":{"java":{"insertions":74,"deletions":0}}},{"hash":"3a9c75272b0720d47f4bd8a9b50d96303a7938e0","isMergeCommit":false,"messageTitle":"Standardise import order","messageBody":"","fileTypesAndContributionMap":{"java":{"insertions":20,"deletions":53}}},{"hash":"440ba3654c4d8b853ec957910c82c4a5578a594e","isMergeCommit":false,"messageTitle":"Rename boolean complete to isComplete","messageBody":"","fileTypesAndContributionMap":{"java":{"insertions":33,"deletions":12}}},{"hash":"ca96503b70db7806fcc5e96e24d43d6b631c1cc2","isMergeCommit":false,"messageTitle":"Fix straggler isComplete","messageBody":"","tags":["A-CodingStandard"],"fileTypesAndContributionMap":{"java":{"insertions":7,"deletions":2}}},{"hash":"53d97f0c926a0a7398da99eaf226670dace46ffd","isMergeCommit":false,"messageTitle":"Add ability to search tasks by keyword","messageBody":"","fileTypesAndContributionMap":{"java":{"insertions":82,"deletions":13}}},{"hash":"4d4d87716d0f6638526e51845fe4ec32abc63dd8","isMergeCommit":false,"messageTitle":"Retain execute method testing after rollback","messageBody":"","fileTypesAndContributionMap":{"java":{"insertions":112,"deletions":29}}},{"hash":"fe0c9f911a656307bf8ccd4a4bfa980778ee2061","isMergeCommit":false,"messageTitle":"Add support for Storage to contain quotes list","messageBody":"","fileTypesAndContributionMap":{"java":{"insertions":119,"deletions":13}}},{"hash":"48ba32213d97658b69dcea09b4129208beb25849","isMergeCommit":false,"messageTitle":"Add support to display random quotes","messageBody":"","fileTypesAndContributionMap":{"java":{"insertions":93,"deletions":1}}},{"hash":"dffb499323c7927def4959250a2e8c560ed9e5d0","isMergeCommit":false,"messageTitle":"Add storage mocking to JUnit tests","messageBody":"","fileTypesAndContributionMap":{"java":{"insertions":99,"deletions":122}}},{"hash":"3ac9359fbfe5bbd14317420ad7566bff658e9a46","isMergeCommit":false,"messageTitle":"Fix import spacings","messageBody":"","fileTypesAndContributionMap":{"java":{"insertions":1,"deletions":4}}},{"hash":"9a0dcbeefdc42b0bb634bd56ddedd2ea01dc1468","isMergeCommit":false,"messageTitle":"Revert \"Fix import spacings\"","messageBody":"This reverts commit 1b9b9667e1b44bbc48610893f1ecadd9d7230201.\n","fileTypesAndContributionMap":{"java":{"insertions":4,"deletions":1}}},{"hash":"65bb0d6495461c456302b02d2a332d79509f2786","isMergeCommit":false,"messageTitle":"Fix import spacings","messageBody":"","fileTypesAndContributionMap":{"java":{"insertions":0,"deletions":4}}},{"hash":"c410b4f8bee1f64211b1f0e09284ee9a8207a0b7","isMergeCommit":false,"messageTitle":"Revert \"Merge cheer branch\"","messageBody":"This reverts commit c12f690d3d2bfc4bc06694720c4f652765a1ad86, reversing\nchanges made to 8b698ece1e1055525913d9cfc7728c10bae73368.\n","fileTypesAndContributionMap":{"java":{"insertions":0,"deletions":74}}},{"hash":"9096707d2ba42c96ede656ae9d392bee6c9d8b02","isMergeCommit":false,"messageTitle":"Fix merge conflict","messageBody":"","fileTypesAndContributionMap":{"java":{"insertions":0,"deletions":1}}},{"hash":"c97b05f7322ac8a3e5ab68511832c8654aa51ede","isMergeCommit":true,"messageTitle":"Merge branch \u0027branch-Level-9\u0027","messageBody":"","fileTypesAndContributionMap":{}},{"hash":"4c2a0bc06b83658dcf3d86bc4bc922e454732da3","isMergeCommit":true,"messageTitle":"Merge branch \u0027branch-A-Cheer\u0027","messageBody":"","tags":["A-Cheer"],"fileTypesAndContributionMap":{}},{"hash":"08d988cc2c670e5ee5bf2cf1c2190ac2ef8a5c25","isMergeCommit":false,"messageTitle":"Capitalised main in comments","messageBody":"","fileTypesAndContributionMap":{"java":{"insertions":1,"deletions":1}}},{"hash":"210d297e692fddb4c6b46ef24926103a01a23c77","isMergeCommit":true,"messageTitle":"Merge branch \u0027branch-A-JavaDoc\u0027","messageBody":"","fileTypesAndContributionMap":{}},{"hash":"9246ece38092c7c35f63bbbe6f40edcc7a3cfd61","isMergeCommit":false,"messageTitle":"Cleanup imports","messageBody":"","fileTypesAndContributionMap":{"java":{"insertions":1,"deletions":6}}}]},{"date":"2026-02-09T00:00:00","commitResults":[{"hash":"953ed6999b0d7f6ef8544a0da4791bdcb16fb693","isMergeCommit":false,"messageTitle":"Fix all checkstyle errors","messageBody":"","fileTypesAndContributionMap":{"java":{"insertions":379,"deletions":260}}},{"hash":"25e28c0c591d41b38cadb149bef55009a51fd11d","isMergeCommit":false,"messageTitle":"Add newline to make a commit","messageBody":"","fileTypesAndContributionMap":{"java":{"insertions":1,"deletions":0}}},{"hash":"d2f612316b71742b8b50f02a102989bb57bd3e9d","isMergeCommit":false,"messageTitle":"Remove unnecessary newline","messageBody":"","fileTypesAndContributionMap":{"java":{"insertions":0,"deletions":1}}},{"hash":"52bccde4712fa42ec9f34ba79f9454798dab80f4","isMergeCommit":false,"messageTitle":"Add javadoc comments to test classes","messageBody":"","fileTypesAndContributionMap":{"java":{"insertions":294,"deletions":4}}},{"hash":"ae5a347cb4743bdc85218d663868def569222577","isMergeCommit":true,"messageTitle":"Merge branch-A-UnitTesting","messageBody":"","tags":["A-UnitTesting"],"fileTypesAndContributionMap":{}},{"hash":"802ed85064890a4b8433fe1ca69fe4f008f28ae6","isMergeCommit":false,"messageTitle":"Add support for varargs when running main()","messageBody":"User can include the argument `noload` to skip\nloading tasks from the `tasks.txt` file.\n\nThis does not disable saving to the file, which means\nany addition to the tasklist when the program is running\nwill override the saved tasks in `tasks.txt`.\n","fileTypesAndContributionMap":{"java":{"insertions":11,"deletions":4}}},{"hash":"0fb1af8c5a4f36bc03188970a8f09364d7e31c96","isMergeCommit":true,"messageTitle":"Merge branch-A-Varargs","messageBody":"","tags":["A-Varargs"],"fileTypesAndContributionMap":{}}]},{"date":"2026-02-11T00:00:00","commitResults":[{"hash":"fba2bb6a17402ea59a35b2cbf44ac086f60d7ecb","isMergeCommit":false,"messageTitle":"Add wrapper class Response for commands","messageBody":"","fileTypesAndContributionMap":{"java":{"insertions":9,"deletions":0}}},{"hash":"ed4d8d3bf3155ee51dd4c67ae4bd29bf20f3f13d","isMergeCommit":false,"messageTitle":"Add DialogueBox and MainWindow components","messageBody":"","fileTypesAndContributionMap":{"java":{"insertions":164,"deletions":0}}},{"hash":"be90b60fda5c036be2b682ed23c3de2a5e88fafd","isMergeCommit":false,"messageTitle":"Add getResponse method for GUI use","messageBody":"","fileTypesAndContributionMap":{"java":{"insertions":22,"deletions":0}}},{"hash":"564dafebe8f66996c769c6848bc0f3615dc5642c","isMergeCommit":false,"messageTitle":"Add GUI for chatbot with javafx","messageBody":"","fileTypesAndContributionMap":{"java":{"insertions":49,"deletions":0}}},{"hash":"df60be4735fc329f6f22b27cf2dde33dc8441d6b","isMergeCommit":true,"messageTitle":"Merge branch \u0027branch-Level-10\u0027","messageBody":"","tags":["Level-10"],"fileTypesAndContributionMap":{}},{"hash":"6b3a56618bfa48fd1f282576788c763a86dc16d1","isMergeCommit":false,"messageTitle":"Fix checkstyle violations","messageBody":"","fileTypesAndContributionMap":{"java":{"insertions":7,"deletions":10}}}]},{"date":"2026-02-13T00:00:00","commitResults":[{"hash":"d4b158ed4a5406cad7a717c4237d439a64a63538","isMergeCommit":false,"messageTitle":"Fix indentation in Storage","messageBody":"","fileTypesAndContributionMap":{"java":{"insertions":2,"deletions":2}}}]},{"date":"2026-02-16T00:00:00","commitResults":[{"hash":"d67156fbe665b8f1336f2929b154a649acedcce0","isMergeCommit":false,"messageTitle":"Storage: Prevent parent directory creation from throwing exception when the parent directory already exists","messageBody":"Only try to create the parent directory if it does not exist.\n\nSince quote loading happens first, task loading will always throw\nan exception on the first iteration of running the JAR.\nThis fix prevents the task loading from throwing an erroneous\nexception when it should not.\n","tags":["A-FullCommitMessage"],"fileTypesAndContributionMap":{"java":{"insertions":6,"deletions":2}}},{"hash":"643923eb89be9c3986f62ee8e89595c403f0c24d","isMergeCommit":false,"messageTitle":"Utility: Strip leading whitespaces in front of user input","messageBody":"Splitting user input now works with leading whitespaces.\n\nThis fix allows Parser to handle commands that have additional\nleading whitespaces, such as \" todo a\".\n","fileTypesAndContributionMap":{"java":{"insertions":1,"deletions":1}}},{"hash":"65c25e645df2379cc47fb566a0a74eb2b487775d","isMergeCommit":false,"messageTitle":"Add assertions to parser classes","messageBody":"","fileTypesAndContributionMap":{"java":{"insertions":9,"deletions":1}}},{"hash":"e2b7c3d0954b89ac4f75ee60f8b5589e754c33fa","isMergeCommit":false,"messageTitle":"Add streams for tasklist search methods","messageBody":"","fileTypesAndContributionMap":{"java":{"insertions":7,"deletions":2}}},{"hash":"8efcb4eef7bc27e73d201654117fb5451a8a109b","isMergeCommit":false,"messageTitle":"Restructure code with newlines to make it more logical","messageBody":"","fileTypesAndContributionMap":{"java":{"insertions":6,"deletions":0}}},{"hash":"ad8f96b81d5886a950b0feae409474c94397b714","isMergeCommit":false,"messageTitle":"Rename immutable set as SCREAMING_SNAKE_CASE","messageBody":"","fileTypesAndContributionMap":{"java":{"insertions":2,"deletions":2}}},{"hash":"ff59a52e6d95dce6253cce37a50d000f41dc51d3","isMergeCommit":false,"messageTitle":"Add newline for readability","messageBody":"","fileTypesAndContributionMap":{"java":{"insertions":2,"deletions":0}}},{"hash":"af9cc3d332941dbb3b57dcc92428ecbed3f17430","isMergeCommit":false,"messageTitle":"Add newline for readability","messageBody":"","fileTypesAndContributionMap":{"java":{"insertions":2,"deletions":0}}},{"hash":"9b7797b1cbe8f43a6f436c779ce022fba27b1f34","isMergeCommit":true,"messageTitle":"Merge pull request #2 from Ianos828/branch-A-Assertions","messageBody":"Merge branch-A-Assertions","tags":["A-Assertions"],"fileTypesAndContributionMap":{}},{"hash":"221b47fb2e481442496df76abc819d72e72d1806","isMergeCommit":true,"messageTitle":"Merge branch \u0027branch-A-CodeQuality\u0027 into master","messageBody":"","fileTypesAndContributionMap":{}},{"hash":"085ccb8a0cff8806233c3c9fcb98bca5426afb37","isMergeCommit":true,"messageTitle":"Merge pull request #3 from Ianos828/master","messageBody":"Merge master into branch-A-CodeQuality","fileTypesAndContributionMap":{}},{"hash":"a3e062fbd30d69c490bab580fc2679117bba03b9","isMergeCommit":true,"messageTitle":"Merge pull request #4 from Ianos828/master","messageBody":"Merge master into branch-A-Streams","fileTypesAndContributionMap":{}},{"hash":"f8eea1a998aa948e6929a0351db3a7ad818611b6","isMergeCommit":true,"messageTitle":"Merge pull request #6 from Ianos828/branch-A-Streams","messageBody":"Merge branch-A-Streams into master","tags":["A-Streams"],"fileTypesAndContributionMap":{}},{"hash":"158d45a211fe796695ad90d7f05dabd6303f7a5a","isMergeCommit":true,"messageTitle":"Merge pull request #7 from nus-cs2103de-ay2526s2/master","messageBody":"Merge upstream with fork","fileTypesAndContributionMap":{}},{"hash":"944fcb6e952e1f5e480f46c39c5928032e66fade","isMergeCommit":false,"messageTitle":"Remove redundant wrapper method in CommandParser","messageBody":"","fileTypesAndContributionMap":{"java":{"insertions":1,"deletions":10}}},{"hash":"8b605f0d0ee7d905c26a0ba316d5fb89a3d2cfce","isMergeCommit":false,"messageTitle":"Add C-FriendlierSyntax to chatbot","messageBody":"Incomplete commands that match the start of the valid command\nwill be accepted.\n\nAs the original commands have no distinctive starting overlaps,\nthis commit adds partial matching to commands as long as the\ninput strings match the start of the command. For example,\n\"to\", \"tod\" and \"t\" all match the \"todo\" command.\n\nRandomised command argument order was already implemented.\nTask names still have to be provided first before any dates.\nHowever, Events can be created with \"/to \u003cdate\u003e /from \u003cdate\u003e\".\nMultiple delimiters can be provided, of which the latest one will\nbe accepted as the final argument that the user intended.\n","fileTypesAndContributionMap":{"java":{"insertions":5,"deletions":5}}},{"hash":"de0ce5611d5232726997f4c5f4f9a2ffcc085b35","isMergeCommit":true,"messageTitle":"Merge branch \u0027branch-BCD-Extension\u0027","messageBody":"","tags":["BCD-Extension"],"fileTypesAndContributionMap":{}}]}]},"authorFileTypeContributionMap":{"Ianos828":{"java":3273,"md":0,"txt":18}},"authorContributionVariance":{"Ianos828":293792.28},"authorDisplayNameMap":{"Ianos828":"Ianos828"}}
