{"authorDailyContributionsMap":{"Prithikashri Kannan":[{"date":"2026-02-21T00:00:00","commitResults":[{"hash":"ca737c8cd3d3e6a94130f1f2e72ffa853b3a27d1","isMergeCommit":true,"messageTitle":"Merge pull request #1 from pinkcar203/branch-A-Assertions","messageBody":"Add assertions to document important assumptions","tags":["A-Assertions"],"fileTypesAndContributionMap":{}},{"hash":"fea7d7dbe9e7b1151fccba086ef909d8d487ae64","isMergeCommit":true,"messageTitle":"Merge pull request #2 from pinkcar203/branch-A-CodeQuality","messageBody":"Refactor to improve code quality","tags":["A-CodeQuality"],"fileTypesAndContributionMap":{}},{"hash":"53f1472b88f4242f809688f932ad9487aab1512f","isMergeCommit":true,"messageTitle":"Merge pull request #3 from pinkcar203/branch-A-Streams","messageBody":"Use Java Streams in implementation","tags":["A-Streams"],"fileTypesAndContributionMap":{}}]}],"pinkcar203":[{"date":"2026-01-27T00:00:00","commitResults":[{"hash":"d588ccdbf4b7acd5d46fc2eba19c8edc64c8a74a","isMergeCommit":false,"messageTitle":"Rename chatbot. Implement skeletal version","messageBody":"","tags":["Level-0"],"fileTypesAndContributionMap":{"java":{"insertions":13,"deletions":10},"md":{"insertions":1,"deletions":1}}},{"hash":"ff70e2d1d71837e4ac8fd6b6d8373c5e88cf2ba6","isMergeCommit":false,"messageTitle":"Add user command  echo","messageBody":"","tags":["Level-1"],"fileTypesAndContributionMap":{"java":{"insertions":23,"deletions":6}}},{"hash":"9c3c988f24279b738ce208e37d27432621f34915","isMergeCommit":false,"messageTitle":"Add ability to store entered text and display upon request","messageBody":"","tags":["Level-2"],"fileTypesAndContributionMap":{"java":{"insertions":16,"deletions":5}}}]},{"date":"2026-01-30T00:00:00","commitResults":[{"hash":"a692227f2f245bb8c3e29796f2a655fd2f9fa60e","isMergeCommit":false,"messageTitle":"Add feature to mark and unmark tasks","messageBody":"","tags":["Level-3"],"fileTypesAndContributionMap":{"java":{"insertions":58,"deletions":6}}}]},{"date":"2026-01-31T00:00:00","commitResults":[{"hash":"b7308dfe37f7b8b9ed100efa169910028a31df6d","isMergeCommit":false,"messageTitle":"Add todo, event and deadline functionality","messageBody":"","tags":["Level-4"],"fileTypesAndContributionMap":{"java":{"insertions":62,"deletions":6}}},{"hash":"8c80a92549cb04d9d5209788cb23afbb29d31f50","isMergeCommit":false,"messageTitle":"Add Automated Text UI Testing","messageBody":"","tags":["A-TextUiTesting"],"fileTypesAndContributionMap":{"txt":{"insertions":6,"deletions":0},"md":{"insertions":3,"deletions":3}}},{"hash":"5bd037b25cad8d25c8fc65cb90a55602553cda58","isMergeCommit":false,"messageTitle":"Add error handling","messageBody":"","tags":["Level-5"],"fileTypesAndContributionMap":{"txt":{"insertions":5,"deletions":1},"java":{"insertions":45,"deletions":19},"md":{"insertions":0,"deletions":0}}}]},{"date":"2026-02-01T00:00:00","commitResults":[{"hash":"3d35a41a36fda611eb884735faa3d78ccf3355f5","isMergeCommit":false,"messageTitle":"Add delete feature. Add classes for each","messageBody":"","tags":["Level-6"],"fileTypesAndContributionMap":{"txt":{"insertions":1,"deletions":0},"java":{"insertions":443,"deletions":161}}},{"hash":"bdce61e3e1328272d2e109d6156084692b2add25","isMergeCommit":false,"messageTitle":"Add enums for task type","messageBody":"","tags":["A-Enums"],"fileTypesAndContributionMap":{"java":{"insertions":32,"deletions":3}}},{"hash":"9b61a444e7badc423a67b234d210851e486e9c27","isMergeCommit":false,"messageTitle":"Remove AI.md file","messageBody":"","fileTypesAndContributionMap":{"md":{"insertions":0,"deletions":0}}}]},{"date":"2026-02-04T00:00:00","commitResults":[{"hash":"20f626bd97ad0b9a681a35a3086513f0e685f1a0","isMergeCommit":false,"messageTitle":"Add javadoc comments","messageBody":"","fileTypesAndContributionMap":{"java":{"insertions":89,"deletions":2}}},{"hash":"691e98b2956d995315eae6598a8f0f5336b1c30c","isMergeCommit":true,"messageTitle":"Merge remote-tracking branch \u0027upstream/master\u0027","messageBody":"","fileTypesAndContributionMap":{}}]},{"date":"2026-02-06T00:00:00","commitResults":[{"hash":"a7c7663a7c0abdf035c12802f4a8776ecd694571","isMergeCommit":false,"messageTitle":"Add ability to save data to local, javadoc comments and package for classes","messageBody":"","fileTypesAndContributionMap":{"java":{"insertions":347,"deletions":13}}},{"hash":"5737815a76d6312e4043b8e6f2417e3f495988c5","isMergeCommit":true,"messageTitle":"Merge branch \u0027branch-Level-7\u0027","messageBody":"","tags":["Level-7"],"fileTypesAndContributionMap":{}}]},{"date":"2026-02-07T00:00:00","commitResults":[{"hash":"f83b3b6a8ea3a3efadced630315d6830fe6a9e7a","isMergeCommit":false,"messageTitle":"Implement LocalDate and LocalDateTime to display dates in MMM dd yyyy","messageBody":"","fileTypesAndContributionMap":{"txt":{"insertions":23,"deletions":9},"java":{"insertions":170,"deletions":46}}},{"hash":"38fc8a50ea5dbc5d2dae69b2d43efb8f5372ba42","isMergeCommit":true,"messageTitle":"Merge branch-Level-8","messageBody":"","tags":["Level-8"],"fileTypesAndContributionMap":{}},{"hash":"faf92f9cbdd4b4b10cd5e776d32c52c51eff3ab2","isMergeCommit":false,"messageTitle":"Add Tasklist class to handle task actions","messageBody":"","fileTypesAndContributionMap":{"java":{"insertions":106,"deletions":15}}},{"hash":"1bc9b2deec458d1899507f0177a620dae201aed9","isMergeCommit":true,"messageTitle":"Merge branch-A-MoreOOP","messageBody":"","tags":["A-MoreOOP"],"fileTypesAndContributionMap":{}},{"hash":"daa6d9a141bce6313693e81cb3ce060683ef2a6f","isMergeCommit":false,"messageTitle":"Organise classes into packages","messageBody":"All classes are currently in a single mickey package, making the\ncodebase harder to navigate as it grows.\n\nLet\u0027s organise classes into:\n* mickey.task - task classes\n* mickey.util - utility classes (UI, Parser, FileSaver)\n\nThis improves maintainability and follows better OOP organisation.\n","fileTypesAndContributionMap":{"java":{"insertions":26,"deletions":9}}},{"hash":"ee89a17fec1263bc5ff6bd461d0dadd88c38e5bf","isMergeCommit":true,"messageTitle":"Merge branch-A-Packages","messageBody":"","tags":["A-Packages","A-Gradle"],"fileTypesAndContributionMap":{}},{"hash":"091a67d4de92eb4db919a799e24c119aa0638aa1","isMergeCommit":false,"messageTitle":"Add JUnit tests for Parser and TaskList classes","messageBody":"Add JUnit tests to verify functionality works as expected.\n\nLet\u0027s add tests for:\n* Parser\n* TaskList\n\nThese tests help catch bugs early and can  ensure code reliability.\n","fileTypesAndContributionMap":{"java":{"insertions":180,"deletions":0}}},{"hash":"a03b179ee85017d186d7151293268b78d51069c6","isMergeCommit":true,"messageTitle":"Merge branch-A-JUnit","messageBody":"","tags":["A-Jar","A-JUnit"],"fileTypesAndContributionMap":{}}]},{"date":"2026-02-08T00:00:00","commitResults":[{"hash":"4df7e6e2673cecfa90b2a033b54458f7d220b5df","isMergeCommit":false,"messageTitle":"Add JavaDoc Comments","messageBody":"","fileTypesAndContributionMap":{"java":{"insertions":56,"deletions":2}}},{"hash":"31e348fd47a5bdbe5121810400b74765e668d914","isMergeCommit":false,"messageTitle":"Implement good coding standards","messageBody":"","fileTypesAndContributionMap":{"java":{"insertions":12,"deletions":7}}},{"hash":"89c7aa9482bd81b82cabf39b635347493117f296","isMergeCommit":false,"messageTitle":"Add find command to search tasks by keyword","messageBody":"Users have no way to search for specific tasks, making it hard to\nlocate tasks as the list get larger.\n\nLet\u0027s add a find command that searches task descriptions by keyword\nand displays all matching tasks.\n\nThe search uses substring matching for flexibility.\n","fileTypesAndContributionMap":{"txt":{"insertions":3,"deletions":0},"java":{"insertions":81,"deletions":1}}},{"hash":"d195acc4269d760c9b5c6739a64678ad6e384427","isMergeCommit":false,"messageTitle":"Add cheer command to display motivational quotes","messageBody":"Users may benefit from motivational quotes.\n\nLet\u0027s add a cheer command that displays random quotes from a list\nof 20 motivational messages stored in data/cheer.txt.\n","fileTypesAndContributionMap":{"txt":{"insertions":21,"deletions":0},"java":{"insertions":52,"deletions":0}}},{"hash":"3c8995d12d6eced82a1f42bbb809e373253142ea","isMergeCommit":true,"messageTitle":"Merge branch-A-JavaDoc","messageBody":"","tags":["A-JavaDoc"],"fileTypesAndContributionMap":{}},{"hash":"ee35ff925bca738c4cc609e9d057515f41657a3b","isMergeCommit":true,"messageTitle":"Merge branch-A-CodingStandard","messageBody":"","tags":["A-CodingStandard"],"fileTypesAndContributionMap":{}},{"hash":"198bf1b3ae6048d4e0820775711a3ab0bb7cb9f5","isMergeCommit":true,"messageTitle":"Merge branch-Level-9","messageBody":"","tags":["Level-9"],"fileTypesAndContributionMap":{}},{"hash":"f8080f6f3771eef01670d7da4907e289045444f8","isMergeCommit":true,"messageTitle":"Merge branch-A-Cheer","messageBody":"","tags":["A-Cheer"],"fileTypesAndContributionMap":{}},{"hash":"08c44744e80ef452934b1a654a734ddb39843863","isMergeCommit":false,"messageTitle":"Make spacing improvements","messageBody":"","fileTypesAndContributionMap":{"java":{"insertions":0,"deletions":3}}}]},{"date":"2026-02-14T00:00:00","commitResults":[{"hash":"f145dc82057976dcdbe26fd2e13ae8eb4145fbda","isMergeCommit":false,"messageTitle":"Add checkStyle configuration and ensure coding standards followed","messageBody":"","fileTypesAndContributionMap":{"java":{"insertions":282,"deletions":286}}},{"hash":"9218cfad582d3c17948befc25c23bede21edf45f","isMergeCommit":true,"messageTitle":"Merge branch-A-CheckStyle","messageBody":"","tags":["A-CheckStyle"],"fileTypesAndContributionMap":{}}]},{"date":"2026-02-15T00:00:00","commitResults":[{"hash":"fcf601082e3fc8911c5470659506295de7f28450","isMergeCommit":false,"messageTitle":"Add JavaFX GUI","messageBody":"Add circular profile pics for user/mickey and implement colour coded reponses with day and night modes\n","fileTypesAndContributionMap":{"java":{"insertions":394,"deletions":19}}},{"hash":"1d133437497ee2783e2caf635b1e35f0e5b501e9","isMergeCommit":true,"messageTitle":"Merge branch \u0027branch-Level-10\u0027 Merge branch-Level-10","messageBody":"","tags":["Level-10"],"fileTypesAndContributionMap":{}},{"hash":"62c52567003d5bbf29f09060333a2452bdc69a03","isMergeCommit":false,"messageTitle":"Add Main.java and DialogBox.java for GUI","messageBody":"","fileTypesAndContributionMap":{"txt":{"insertions":6,"deletions":0},"java":{"insertions":207,"deletions":1}}},{"hash":"d33fc99e05aa9adc1369f5b6a0e9a827da70c3f6","isMergeCommit":true,"messageTitle":"Merge branch-Level-10","messageBody":"","fileTypesAndContributionMap":{}},{"hash":"804f4f07491f2fc9cc275dfaf3b6c865548f06cd","isMergeCommit":false,"messageTitle":"Add unit test for main mickey chatbot","messageBody":"","fileTypesAndContributionMap":{"txt":{"insertions":1,"deletions":6},"java":{"insertions":22,"deletions":30}}},{"hash":"ace3d3552b9f9f6e911c7e480c0055214c498fbb","isMergeCommit":true,"messageTitle":"Merge branch-A-UnitTesting","messageBody":"","tags":["A-UnitTesting"],"fileTypesAndContributionMap":{}},{"hash":"0293ce1ebd5f7a9fcf36b4e5596a340d89676bf6","isMergeCommit":false,"messageTitle":"Ensure coding standards","messageBody":"","fileTypesAndContributionMap":{"java":{"insertions":5,"deletions":5}}}]},{"date":"2026-02-21T00:00:00","commitResults":[{"hash":"775ee8d558dcb2b208be36b5959d38dce0ff74e7","isMergeCommit":false,"messageTitle":"Add varargs for TaskList","messageBody":"","fileTypesAndContributionMap":{"java":{"insertions":9,"deletions":8}}},{"hash":"8aca24b6f281b2999090fe1fd0d439aa655d1d60","isMergeCommit":true,"messageTitle":"Merge branch-A-Varargs","messageBody":"","tags":["A-Varargs"],"fileTypesAndContributionMap":{}},{"hash":"1a56307b1fde519daf8f0a65226edf5f323951aa","isMergeCommit":false,"messageTitle":"Add assertions to document important assumptions","messageBody":"The codebase has several methods that make assumptions about their inputs that  are not explicitly documented or verified. This makes it hard to catch errors.\n\nLet\u0027s add assertions to verify any assumptions:\n* Assert that indices are within range\n* Assert that tasks added are not null\n\nUsing assertions instead of exceptions is better as it helps with\ninternal consistency.\n","tags":["A-FullCommitMessage"],"fileTypesAndContributionMap":{"java":{"insertions":10,"deletions":0}}},{"hash":"f8744977204bb476991bf899a14bf64b12157ed4","isMergeCommit":false,"messageTitle":"Use Java Streams in implementation","messageBody":"The code uses loops to filter and do other operations on tasks.\n\nStreams allows easier filter and is cleaner than for loops making it\nmore readable and less prone to errors.\n\nLet\u0027s refactor some places to use Streams:\n* Replace for loops with filter() and collect() in getFindResponse\n  method.\n\nUsing streams makes the code cleaner and is efficient.\n","fileTypesAndContributionMap":{"java":{"insertions":12,"deletions":16}}},{"hash":"77a56c6998f851b315786bb0c236e87fb2ab6f3e","isMergeCommit":false,"messageTitle":"Refactor to improve code quality","messageBody":"The code has areas where code quality is not followed and there is code\nduplication.\n\nThis makes code more prone to errors.\n\nLet\u0027s refactor for better code quality:\n* Make repeated logic into a helper method\n\nThis ensures code quality is observed.\n","fileTypesAndContributionMap":{"java":{"insertions":20,"deletions":10}}},{"hash":"323b8f380d2a99adf4ebf5465dc415964598607f","isMergeCommit":true,"messageTitle":"Merge branch \u0027master\u0027 into branch-A-CodeQuality","messageBody":"","fileTypesAndContributionMap":{}},{"hash":"89011c1a5246475e1fedfe23698c0cceb0b23753","isMergeCommit":true,"messageTitle":"Merge branch \u0027master\u0027 into branch-A-Streams","messageBody":"","fileTypesAndContributionMap":{}},{"hash":"20dbdd2f599cb4d9c7c39a523afdd323b5779604","isMergeCommit":false,"messageTitle":"Add remind command to show deadline and events in the next 7 days","messageBody":"","fileTypesAndContributionMap":{"java":{"insertions":85,"deletions":3}}},{"hash":"8577d56aaef4329d2c0797a6a4aaa9918c91f0c8","isMergeCommit":true,"messageTitle":"Merge branch \u0027branch-A-BReminders\u0027","messageBody":"","tags":["BCD-Extension"],"fileTypesAndContributionMap":{}}]},{"date":"2026-02-22T00:00:00","commitResults":[{"hash":"c4be4692b1dbd57233a1b94f2c1583c3a2d6093d","isMergeCommit":false,"messageTitle":"Add AI.md to explore the use of AI bot as PR reviewer","messageBody":"","fileTypesAndContributionMap":{"md":{"insertions":2,"deletions":0}}}]},{"date":"2026-03-01T00:00:00","commitResults":[{"hash":"3ae8b4af627ae60b453244c6bd4727d3c3848db6","isMergeCommit":false,"messageTitle":"Remove Duke Symbol","messageBody":"","fileTypesAndContributionMap":{"md":{"insertions":1,"deletions":8}}}]}]},"authorFileTypeContributionMap":{"Prithikashri Kannan":{"java":0,"md":0,"txt":0},"pinkcar203":{"java":2158,"md":7,"txt":50}},"authorContributionVariance":{"Prithikashri Kannan":0.0,"pinkcar203":26540.252},"authorDisplayNameMap":{"Prithikashri Kannan":"Prithikashri Kannan","pinkcar203":"pinkcar203"}}
