{"authorDailyContributionsMap":{"LingWL02":[{"date":"2026-01-26T00:00:00","commitResults":[{"hash":"b835d117c68c0f60300bb96d21c507a5dc1314f8","isMergeCommit":false,"messageTitle":"Completed level-0.","messageBody":"","tags":["Level-0"],"fileTypesAndContributionMap":{"java":{"insertions":11,"deletions":0}}},{"hash":"c197fbce14a3f49e2c5cddb3fbdd3d20390ce16c","isMergeCommit":false,"messageTitle":"Level-1 Echo","messageBody":"","tags":["Level-1"],"fileTypesAndContributionMap":{"java":{"insertions":17,"deletions":8}}}]},{"date":"2026-01-27T00:00:00","commitResults":[{"hash":"2d08cb4ee5af90edb87b59e169224a0b8e780c3b","isMergeCommit":false,"messageTitle":"Created an Application class.","messageBody":"","fileTypesAndContributionMap":{"java":{"insertions":34,"deletions":25}}},{"hash":"64eb7712b637fae21efaaf0ef8416b6ae1903ab4","isMergeCommit":false,"messageTitle":"Added pattern matching skeleton.","messageBody":"","fileTypesAndContributionMap":{"java":{"insertions":61,"deletions":4}}},{"hash":"5d3fcc00fc398370faa9ee1c4167ca1b29a8427b","isMergeCommit":false,"messageTitle":"Reformated file structure.","messageBody":"","fileTypesAndContributionMap":{"java":{"insertions":50,"deletions":73}}},{"hash":"94681cc8b3df433a90cb7b3e6f36f473b36e8701","isMergeCommit":false,"messageTitle":"Completed base skeleton for next task.","messageBody":"","fileTypesAndContributionMap":{"java":{"insertions":122,"deletions":22}}},{"hash":"7664fd8591d46f929fe74e9da7dcf37ae0c174e6","isMergeCommit":false,"messageTitle":"Completed level 2.","messageBody":"","tags":["Level-2"],"fileTypesAndContributionMap":{"java":{"insertions":39,"deletions":7}}}]},{"date":"2026-01-28T00:00:00","commitResults":[{"hash":"6f07d1fa0b1b60aefd133b4d49b6c8ac897b5ffc","isMergeCommit":false,"messageTitle":"Level 3 done.","messageBody":"","tags":["Level-3"],"fileTypesAndContributionMap":{"java":{"insertions":146,"deletions":40}}}]},{"date":"2026-01-29T00:00:00","commitResults":[{"hash":"c07e1dc0f0f02434648deb5c2c97b151db40ae97","isMergeCommit":false,"messageTitle":"Completed level 4.","messageBody":"","tags":["Level-4"],"fileTypesAndContributionMap":{"java":{"insertions":111,"deletions":10}}},{"hash":"61a5536d99cf6206c9e7de91422fd65a0b664bc3","isMergeCommit":true,"messageTitle":"Merge branch \u0027master\u0027 of github.com:nus-cs2103de-ay2526s2/duke into week-3","messageBody":"","fileTypesAndContributionMap":{}},{"hash":"79b9fb3eafbbe8e1aba1f6bc4cb2ff597a245aff","isMergeCommit":false,"messageTitle":"Completed Level 5","messageBody":"","tags":["A-TextUiTesting"],"fileTypesAndContributionMap":{"txt":{"insertions":15,"deletions":0}}}]},{"date":"2026-01-30T00:00:00","commitResults":[{"hash":"a3a592d03e8ab988c8ffb8684d5a7c22377bd91b","isMergeCommit":false,"messageTitle":"Added invalid argument checks for bye.","messageBody":"","fileTypesAndContributionMap":{"java":{"insertions":35,"deletions":10}}},{"hash":"f35359942a1d7d964b3e5c7714070d39b21cebe8","isMergeCommit":false,"messageTitle":"Added mark unmark better error messages.","messageBody":"","fileTypesAndContributionMap":{"java":{"insertions":71,"deletions":42}}}]},{"date":"2026-01-31T00:00:00","commitResults":[{"hash":"a1b9d8760cb3c69fb8d0ade626395cb428a2a4bc","isMergeCommit":false,"messageTitle":"added some helpers for errror messages.","messageBody":"","fileTypesAndContributionMap":{"java":{"insertions":116,"deletions":69}}},{"hash":"4fed3c064216b5b89c4d379c2e1176a292521fef","isMergeCommit":false,"messageTitle":"Added more descriptive error messages.","messageBody":"","fileTypesAndContributionMap":{"java":{"insertions":43,"deletions":39}}},{"hash":"a8a19b0154e7e98a54fe805f6ae812552fb33982","isMergeCommit":false,"messageTitle":"Completed level 5!","messageBody":"","tags":["Level-5"],"fileTypesAndContributionMap":{"java":{"insertions":118,"deletions":27}}},{"hash":"2f99d607d08f66d2fa4a0833dcaa12d7e6a9aa68","isMergeCommit":false,"messageTitle":"Completed level 6.","messageBody":"","tags":["Level-6"],"fileTypesAndContributionMap":{"java":{"insertions":91,"deletions":39}}},{"hash":"9ac36c491a8630e88cd4245d5a5a06eee3997576","isMergeCommit":false,"messageTitle":"Updated testing files.","messageBody":"","tags":["A-Enums,Use-Enums"],"fileTypesAndContributionMap":{"txt":{"insertions":20,"deletions":11}}}]},{"date":"2026-02-05T00:00:00","commitResults":[{"hash":"c27a62258e777d923689e465294933f7d2893248","isMergeCommit":false,"messageTitle":"Added some basic functionality for file-based storage","messageBody":"","fileTypesAndContributionMap":{"java":{"insertions":247,"deletions":19}}},{"hash":"a7ed4297f70cff07d2e1c295ea475dd565bee06c","isMergeCommit":false,"messageTitle":"god bless","messageBody":"","fileTypesAndContributionMap":{"java":{"insertions":12,"deletions":2}}}]},{"date":"2026-02-06T00:00:00","commitResults":[{"hash":"c4ea2b6c7fdff8f7480a93b49b59c1d9e1f1aa2b","isMergeCommit":false,"messageTitle":"Completed implementation and basic checking.","messageBody":"","fileTypesAndContributionMap":{"txt":{"insertions":3,"deletions":0},"java":{"insertions":111,"deletions":40}}},{"hash":"cc1e4819428ef888bf4e7f97f60bed5c6bc93c44","isMergeCommit":false,"messageTitle":"Checked with test-ui-test, works first try which is to be expected.","messageBody":"","fileTypesAndContributionMap":{"txt":{"insertions":0,"deletions":3}}},{"hash":"24140a0368fe4ef44ca69f0f684a1fc0792f31c6","isMergeCommit":false,"messageTitle":"Add javadoc","messageBody":"","tags":["Level-7"],"fileTypesAndContributionMap":{"java":{"insertions":592,"deletions":54}}},{"hash":"370237245599f60e6cf3e334a89d09ada7c30dbf","isMergeCommit":false,"messageTitle":"Complete level-8","messageBody":"","tags":["Level-8"],"fileTypesAndContributionMap":{"java":{"insertions":105,"deletions":23}}},{"hash":"f604157cfb0f2b0efd479bde20d103ea30c9c91e","isMergeCommit":false,"messageTitle":"Initial complete.","messageBody":"","fileTypesAndContributionMap":{"java":{"insertions":183,"deletions":194}}},{"hash":"4348922009a4a310dfb9b992d1c0be2cb3f2c65b","isMergeCommit":false,"messageTitle":"Add note","messageBody":"","tags":["A-Packages"],"fileTypesAndContributionMap":{"txt":{"insertions":3,"deletions":0}}},{"hash":"d46c20c6c9e257b076fa7dfb4d9e5f55c693df0b","isMergeCommit":false,"messageTitle":"Done","messageBody":"","tags":["Level-9"],"fileTypesAndContributionMap":{"java":{"insertions":137,"deletions":103}}},{"hash":"e98b4d0e5ef1182e55f2b2d8528c37465a89c898","isMergeCommit":false,"messageTitle":"Done","messageBody":"","tags":["A-Jar"],"fileTypesAndContributionMap":{"java":{"insertions":2,"deletions":1}}},{"hash":"ef4442568a7ad86e65b1ef20d1c27cf52a5969c2","isMergeCommit":false,"messageTitle":"Done","messageBody":"","tags":["A-JUnit"],"fileTypesAndContributionMap":{"java":{"insertions":34,"deletions":0}}},{"hash":"9b50356cb0a52d4e5f7023ad1430234475ead578","isMergeCommit":false,"messageTitle":"Done","messageBody":"","tags":["A-Cheer"],"fileTypesAndContributionMap":{"txt":{"insertions":5,"deletions":0},"java":{"insertions":87,"deletions":2}}}]},{"date":"2026-02-11T00:00:00","commitResults":[{"hash":"1e60a2ea9fdcbfc7aa97be05a8a83921e62e55f9","isMergeCommit":false,"messageTitle":"Javafx Hello World","messageBody":"","fileTypesAndContributionMap":{"java":{"insertions":23,"deletions":0}}},{"hash":"77967bb079da50146da37434008870abf2b40c80","isMergeCommit":false,"messageTitle":"Completed stage 2","messageBody":"","fileTypesAndContributionMap":{"java":{"insertions":91,"deletions":5}}},{"hash":"b8d129d0381563b62dd1339da8b31d78ab793a7f","isMergeCommit":false,"messageTitle":"Cleanup","messageBody":"","fileTypesAndContributionMap":{"java":{"insertions":4,"deletions":0}}},{"hash":"16b715d622deb890b615d6a5205947b3384483df","isMergeCommit":false,"messageTitle":"Part 3 done","messageBody":"","fileTypesAndContributionMap":{"java":{"insertions":75,"deletions":28}}}]},{"date":"2026-02-13T00:00:00","commitResults":[{"hash":"7fa9960772b41d23cc99d66e210fd98a61a31ada","isMergeCommit":false,"messageTitle":"Got basic UI working","messageBody":"","fileTypesAndContributionMap":{"java":{"insertions":130,"deletions":137}}},{"hash":"de87676b7e767d2c796739d95c729fdd53ad537f","isMergeCommit":false,"messageTitle":"Created component package","messageBody":"","fileTypesAndContributionMap":{"java":{"insertions":2,"deletions":2}}},{"hash":"2c5e332a50f678066da4c22b4c03554955931f49","isMergeCommit":false,"messageTitle":"Cleanup","messageBody":"","fileTypesAndContributionMap":{"java":{"insertions":59,"deletions":49}}},{"hash":"b0c5a55257d6f705d27f1ca907eeb951c1c67a5b","isMergeCommit":false,"messageTitle":"Got bye and basic functionality to work on the gui","messageBody":"","fileTypesAndContributionMap":{"java":{"insertions":149,"deletions":112}}},{"hash":"2066864390588729f38a82e8795ce7d0259100b7","isMergeCommit":false,"messageTitle":"Greeting added to GUI","messageBody":"","fileTypesAndContributionMap":{"java":{"insertions":6,"deletions":0}}},{"hash":"cd4917ee40f31ceec92f177a585315e320da6ccc","isMergeCommit":false,"messageTitle":"Added delay after bot is terminated","messageBody":"","fileTypesAndContributionMap":{"java":{"insertions":6,"deletions":3}}},{"hash":"60ae2b6647059b55742961cc2cdda29171761429","isMergeCommit":false,"messageTitle":"Done","messageBody":"","tags":["Level-10"],"fileTypesAndContributionMap":{"java":{"insertions":2,"deletions":2}}},{"hash":"dd6155f0cfd31f7ce5aece9c3662f000ab2c034f","isMergeCommit":false,"messageTitle":"Fix checkstyle violations","messageBody":"","tags":["A-CheckStyle"],"fileTypesAndContributionMap":{"txt":{"insertions":1,"deletions":0},"java":{"insertions":213,"deletions":84}}},{"hash":"eb3e14bb22118e3d5505c83c76f4e45396f345a4","isMergeCommit":false,"messageTitle":"Add more JUnit unit tests","messageBody":"","tags":["A-UnitTesting"],"fileTypesAndContributionMap":{"java":{"insertions":314,"deletions":0}}},{"hash":"782304e2bda5c0c7639fbc9688f219a49b0471f4","isMergeCommit":false,"messageTitle":"Varargs use for subscribeTaskDeserialization","messageBody":"","tags":["A-Varargs"],"fileTypesAndContributionMap":{"java":{"insertions":14,"deletions":49}}}]},{"date":"2026-02-20T00:00:00","commitResults":[{"hash":"4160b75afd278192bc46adf532be1602e945fb15","isMergeCommit":true,"messageTitle":"Merge branch \u0027master\u0027 of github.com:nus-cs2103de-ay2526s2/duke into branch-A-CI","messageBody":"","fileTypesAndContributionMap":{}},{"hash":"16629b57af9abd8772bc99dde0d0449ab21c9085","isMergeCommit":false,"messageTitle":"Fix bugs","messageBody":"Fix bugs that the text-ui-test caught as well as the bat file to only compile Duke.java without JavaFX UIs\n","fileTypesAndContributionMap":{"txt":{"insertions":0,"deletions":1},"java":{"insertions":1,"deletions":3}}},{"hash":"ea7f3f0f6b0d521eb0ba81f6b285c4e0b4188bc4","isMergeCommit":false,"messageTitle":"Fix some parent dir related issues","messageBody":"","tags":["A-CI"],"fileTypesAndContributionMap":{"java":{"insertions":8,"deletions":5}}},{"hash":"88a05e45f88a270ad772b73515d91b2dbc798e1d","isMergeCommit":false,"messageTitle":"Add comprehensive parameter and state validation assertions","messageBody":"Added defensive programming assertions across core classes for null checks, bounds validation, and state consistency. Internal APIs use assertions rather than exceptions for contract enforcement.\n","fileTypesAndContributionMap":{"java":{"insertions":66,"deletions":0}}},{"hash":"c6b5c121cd55d7c787ee839889013a1032bc2276","isMergeCommit":false,"messageTitle":"Remove overlapping assertion and exception coverage","messageBody":"Also added more assertions for assumptions made.\n","fileTypesAndContributionMap":{"txt":{"insertions":0,"deletions":0},"java":{"insertions":3,"deletions":10}}},{"hash":"5249831b1c6b054c4a87ac16fe217bc701cde62c","isMergeCommit":false,"messageTitle":"Fix Checkstyle test","messageBody":"Wrote javadoc for method \u0027modify\u0027 for TaskStorage.java\n","tags":["A-Assertions"],"fileTypesAndContributionMap":{"java":{"insertions":17,"deletions":0}}},{"hash":"f8269594cc38bb6beee4a3bf84d19d9a0085f85d","isMergeCommit":false,"messageTitle":"Add non persistent option for text-ui-testing","messageBody":"","fileTypesAndContributionMap":{"java":{"insertions":10,"deletions":1}}},{"hash":"12bf07eee83811825947fcb50f5bbc668f896fce","isMergeCommit":false,"messageTitle":"Used SCREAMING_SNAKE_CASE for constant \u0027TAG_DELIMITER\u0027","messageBody":"Resolve PR review comment\n","fileTypesAndContributionMap":{"java":{"insertions":4,"deletions":4}}},{"hash":"c15c513f9fe7296cd8a81e11fb12a3f11740c7ab","isMergeCommit":false,"messageTitle":"Add non persistence to Duke for text-ui-test","messageBody":"","fileTypesAndContributionMap":{"java":{"insertions":1,"deletions":1}}},{"hash":"93a47ee130e357423f597596fd7ac2fb53f3a490","isMergeCommit":false,"messageTitle":"Convert magic string patterns into private static attributes","messageBody":"PR comment resolution\n","fileTypesAndContributionMap":{"java":{"insertions":40,"deletions":32}}},{"hash":"a61ad57d96ae6018d8b5381507f896c951305cbf","isMergeCommit":false,"messageTitle":"Checkstye fix","messageBody":"Added javadoc for second constructor for Bot\n","fileTypesAndContributionMap":{"java":{"insertions":7,"deletions":0}}},{"hash":"2ce39dfeef1fae263c03e1e0a0e93dc23d41321d","isMergeCommit":false,"messageTitle":"Change boolean field prefixes to align with coding conventions","messageBody":"Change to Event and Deadline class\n","fileTypesAndContributionMap":{"java":{"insertions":41,"deletions":41}}},{"hash":"2de007cf053f4fbf71363d1271a4186435d7a2d1","isMergeCommit":false,"messageTitle":"Change Deadline and Event class temporal field names to a noun","messageBody":"","tags":["A-CodeQuality"],"fileTypesAndContributionMap":{"java":{"insertions":52,"deletions":50}}},{"hash":"b24134e9eb8638fe4bb2a1c5bf10e382b4d5733a","isMergeCommit":false,"messageTitle":"Streamified TaskList findTask, toString","messageBody":"Create private helper function to streamify taskList into an index-task Pair stream\n","tags":["A-Streams"],"fileTypesAndContributionMap":{"java":{"insertions":16,"deletions":25}}},{"hash":"feadaf5c5fe7a753b9ee4d1dc9d9e6b97b2fe6b2","isMergeCommit":false,"messageTitle":"Add tag class to facilitate tagging","messageBody":"","fileTypesAndContributionMap":{"java":{"insertions":10,"deletions":0}}},{"hash":"164a25ca95d3a667551fd3aa6d8b50020e93dd14","isMergeCommit":false,"messageTitle":"Rename some files","messageBody":"","fileTypesAndContributionMap":{"java":{"insertions":63,"deletions":10}}},{"hash":"5fd8565b1ce5f29b90f0024260f212cb8211dad9","isMergeCommit":false,"messageTitle":"Add tags to the task classes","messageBody":"Added tag printing to the toString methods of each task class\n","fileTypesAndContributionMap":{"java":{"insertions":17,"deletions":6}}},{"hash":"093372dd8bc0773d88e7d08ad5f8fd4604443795","isMergeCommit":false,"messageTitle":"Checkstyle fixes","messageBody":"","tags":["A-FullCommitMessage"],"fileTypesAndContributionMap":{"java":{"insertions":27,"deletions":12}}}]},{"date":"2026-02-21T00:00:00","commitResults":[{"hash":"a78fdfe3df10d307722ec92ec2e230fa36c9f0a3","isMergeCommit":false,"messageTitle":"Add APIs to TaskList to support feature","messageBody":"","fileTypesAndContributionMap":{"java":{"insertions":85,"deletions":4}}},{"hash":"546800543181b716fbcd48c19cba66adf0c2a484","isMergeCommit":false,"messageTitle":"Add exceptions as well as update all task class","messageBody":"","fileTypesAndContributionMap":{"java":{"insertions":130,"deletions":59}}},{"hash":"adcc676d4290e03695ff97f1a8778d81fbcffb01","isMergeCommit":false,"messageTitle":"Bug fix","messageBody":"","fileTypesAndContributionMap":{"java":{"insertions":21,"deletions":28}}},{"hash":"02e0cd341ad9853340b1ecbdafb5feb5ecc9b103","isMergeCommit":false,"messageTitle":"Add untag feature","messageBody":"","fileTypesAndContributionMap":{"java":{"insertions":126,"deletions":3}}},{"hash":"241ba9e0be4071ab0574a68aeaf077a9b07ac789","isMergeCommit":false,"messageTitle":"Lint and Checkstyle fix","messageBody":"","tags":["BCD-Extension"],"fileTypesAndContributionMap":{"java":{"insertions":40,"deletions":15}}}]}],"Ling Wan Loong":[{"date":"2026-01-30T00:00:00","commitResults":[{"hash":"ecac6e678a0cba0981e812a29f6e97895a0c1bd0","isMergeCommit":true,"messageTitle":"Merge pull request #1 from LingWL02/week-3","messageBody":"Week 3 checkpoint","fileTypesAndContributionMap":{}}]},{"date":"2026-01-31T00:00:00","commitResults":[{"hash":"78c8d5f6fcb1950214a7a3290e9cbed03693c5c6","isMergeCommit":true,"messageTitle":"Merge pull request #2 from LingWL02/week-3","messageBody":"Week 3","fileTypesAndContributionMap":{}}]},{"date":"2026-02-06T00:00:00","commitResults":[{"hash":"401cc771e726b18fecf9b39d23d6d9eaf339adc5","isMergeCommit":true,"messageTitle":"Merge pull request #3 from LingWL02/branch-Level-7","messageBody":"Branch level 7","fileTypesAndContributionMap":{}},{"hash":"8fbcff6a90e4efc723345bf6fc48107578ffceb1","isMergeCommit":true,"messageTitle":"Merge pull request #4 from LingWL02/branch-Level-8","messageBody":"Complete level-8","fileTypesAndContributionMap":{}},{"hash":"827a517e998e1cb4d42581e050e747378a0186a5","isMergeCommit":true,"messageTitle":"Merge pull request #5 from LingWL02/branch-A-MoreOOP","messageBody":"Branch a more oop","fileTypesAndContributionMap":{}},{"hash":"cbe68fafeee578b0e65094027452e36e5cfb1554","isMergeCommit":true,"messageTitle":"Merge pull request #6 from LingWL02/branch-Level-9","messageBody":"Done","fileTypesAndContributionMap":{}},{"hash":"b85904149c786fba557061fc80c889e841fe925e","isMergeCommit":true,"messageTitle":"Merge pull request #7 from LingWL02/branch-A-Gradle","messageBody":"Done","fileTypesAndContributionMap":{}},{"hash":"219259d9a068190cd85c9fe9995301136661bfee","isMergeCommit":true,"messageTitle":"Merge pull request #8 from LingWL02/branch-A-Jar","messageBody":"Branch a jar","fileTypesAndContributionMap":{}},{"hash":"306fec61ebc0c55ec7add0e2d8825ec6e0c24f77","isMergeCommit":true,"messageTitle":"Merge pull request #9 from LingWL02/branch-A-JUnit","messageBody":"Done","fileTypesAndContributionMap":{}},{"hash":"f76ee0c77ccee8456a30a4275c3f5193b8baf860","isMergeCommit":true,"messageTitle":"Merge pull request #10 from LingWL02/branch-A-Cheer","messageBody":"Done","fileTypesAndContributionMap":{}}]},{"date":"2026-02-13T00:00:00","commitResults":[{"hash":"119f8e77c72b1c3ac212adc96aae2a228e33f518","isMergeCommit":true,"messageTitle":"Merge pull request #11 from LingWL02/branch-Level-10","messageBody":"Branch level 10","fileTypesAndContributionMap":{}},{"hash":"2bd95d98e03fff141c039c24ecd614b4b8e4c13f","isMergeCommit":true,"messageTitle":"Merge pull request #12 from LingWL02/branch-A-CheckStyle","messageBody":"Branch a check style","fileTypesAndContributionMap":{}},{"hash":"7941ad76125fa221dc79699ab8450e30dcadd26c","isMergeCommit":true,"messageTitle":"Merge pull request #13 from LingWL02/branch-A-UnitTesting","messageBody":"Add more JUnit unit tests","fileTypesAndContributionMap":{}},{"hash":"9f7066bc18529ecc3122ad5eab555f138a4e82b3","isMergeCommit":true,"messageTitle":"Merge pull request #14 from LingWL02/branch-A-Varargs","messageBody":"Varargs use for subscribeTaskDeserialization","fileTypesAndContributionMap":{}}]},{"date":"2026-02-20T00:00:00","commitResults":[{"hash":"a1d17bf973a7cf0f5190644dfd446043625e6e7c","isMergeCommit":true,"messageTitle":"Merge pull request #15 from LingWL02/branch-A-CI","messageBody":"Merge CI integration branch to main","fileTypesAndContributionMap":{}},{"hash":"4c5be663fdce1224869e5eb75136d3da352d1056","isMergeCommit":true,"messageTitle":"Merge pull request #16 from LingWL02/branch-A-Assertions","messageBody":"Merge assertions integration into master","fileTypesAndContributionMap":{}},{"hash":"d407fed094843850ece6496ed92794961e050d45","isMergeCommit":true,"messageTitle":"Merge pull request #17 from LingWL02/branch-A-CodeQuality","messageBody":"Branch a code quality","fileTypesAndContributionMap":{}},{"hash":"260ddafe5e593a1dfc6a6ca2ead754242c927fd0","isMergeCommit":true,"messageTitle":"Merge pull request #18 from LingWL02/branch-A-Streams","messageBody":"Streamified TaskList findTask, toString","fileTypesAndContributionMap":{}},{"hash":"fa783043a28b3f9288bc077b489d170103eb1716","isMergeCommit":true,"messageTitle":"Merge pull request #19 from LingWL02/branch-C-Tagging","messageBody":"Branch c tagging","fileTypesAndContributionMap":{}}]},{"date":"2026-02-21T00:00:00","commitResults":[{"hash":"51209b565203563c13dd0cd04f6d566f9b5ee750","isMergeCommit":true,"messageTitle":"Merge pull request #20 from LingWL02/branch-C-Tagging","messageBody":"Branch c tagging","fileTypesAndContributionMap":{}}]}]},"authorFileTypeContributionMap":{"LingWL02":{"java":2821,"md":0,"txt":32},"Ling Wan Loong":{"java":0,"md":0,"txt":0}},"authorContributionVariance":{"LingWL02":100255.445,"Ling Wan Loong":0.0},"authorDisplayNameMap":{"LingWL02":"LingWL02","Ling Wan Loong":"Ling Wan Loong"}}
