{"authorDailyContributionsMap":{"Chong Shao Ian, Elliot":[{"date":"2026-02-22T00:00:00","commitResults":[{"hash":"05efc46e96344d768890a622b9d2f6e0b75d8841","isMergeCommit":true,"messageTitle":"Merge pull request #1 from siaoarh/branch-A-Assertions","messageBody":"A-Assertions","tags":["A-Assertions"],"fileTypesAndContributionMap":{}},{"hash":"c8dcce7ac4324c5f26cde3444560a84a8482f69b","isMergeCommit":true,"messageTitle":"Merge pull request #2 from siaoarh/branch-A-CodeQuality","messageBody":"A-CodeQuality","tags":["A-CodeQuality"],"fileTypesAndContributionMap":{}}]}],"siaoarh":[{"date":"2026-02-02T00:00:00","commitResults":[{"hash":"9ec446ff547525d228b6af03180ed97ccba10a50","isMergeCommit":false,"messageTitle":"Level 0","messageBody":"","tags":["Level0","Level-0"],"fileTypesAndContributionMap":{"java":{"insertions":7,"deletions":10},"md":{"insertions":1,"deletions":0}}},{"hash":"149c0c7d5cdcbb4063b19f70465c1a8e6069d95f","isMergeCommit":false,"messageTitle":"Level 1","messageBody":"","tags":["Level1","Level-1"],"fileTypesAndContributionMap":{"java":{"insertions":16,"deletions":1}}}]},{"date":"2026-02-03T00:00:00","commitResults":[{"hash":"b209630ad1d2e4c8edddac779d07d5e32d79fadb","isMergeCommit":false,"messageTitle":"Level 2","messageBody":"","tags":["Level2","Level-2"],"fileTypesAndContributionMap":{"java":{"insertions":14,"deletions":1}}},{"hash":"8b41ca02c7a5f4c4d9c8eaadd86a5ed819e9ccae","isMergeCommit":false,"messageTitle":"Level 3","messageBody":"","tags":["Level3","Level-3"],"fileTypesAndContributionMap":{"java":{"insertions":34,"deletions":1}}},{"hash":"fb2a80a76e6b2d2a696fa1937275cd09918dedda","isMergeCommit":false,"messageTitle":"Level 4","messageBody":"","tags":["Level4","Level-4"],"fileTypesAndContributionMap":{"java":{"insertions":121,"deletions":28}}},{"hash":"0367cd13c079e0bee6801e432308be2357ef2241","isMergeCommit":false,"messageTitle":"Updated TextUiTesting","messageBody":"","fileTypesAndContributionMap":{"txt":{"insertions":5,"deletions":0}}},{"hash":"ba1bcad9ef77f14430ea63b05efdc27b5ace6c4e","isMergeCommit":false,"messageTitle":"Level 5","messageBody":"","tags":["level-5","Level5"],"fileTypesAndContributionMap":{"java":{"insertions":105,"deletions":2}}},{"hash":"ea825ac7738896a155533260ff9ad6f7dc2f2cff","isMergeCommit":false,"messageTitle":"Level 6","messageBody":"","tags":["Level-6","A-TextUiTesting"],"fileTypesAndContributionMap":{"java":{"insertions":67,"deletions":15}}}]},{"date":"2026-02-09T00:00:00","commitResults":[{"hash":"972ad6839123c827ec8077053c1f3dfc66db3730","isMergeCommit":false,"messageTitle":"Level-7: Added storage file","messageBody":"","fileTypesAndContributionMap":{"java":{"insertions":135,"deletions":0}}},{"hash":"f8fe4e0f3a9632a97d3ba82dedb3ef503656645e","isMergeCommit":false,"messageTitle":"Level-7: Updated Task.java to include methods for Storage.java","messageBody":"","fileTypesAndContributionMap":{"java":{"insertions":8,"deletions":0}}},{"hash":"680ec1a8b4cd17c263ff9987054e2f70240bb696","isMergeCommit":false,"messageTitle":"Level-7: Updated Deadline.java to include new fields for save format","messageBody":"","fileTypesAndContributionMap":{"java":{"insertions":9,"deletions":0}}},{"hash":"7f9c29c57bda4a1f3b7cd38fb3b535f1a11f309a","isMergeCommit":false,"messageTitle":"Level-7: Updated Event.java to include new fields for save format","messageBody":"","fileTypesAndContributionMap":{"java":{"insertions":15,"deletions":0}}},{"hash":"4a9ae7e168ca7421d8bbb78676316b918b59ebde","isMergeCommit":false,"messageTitle":"Level-7: Updated Chatterbot.java to load on startup and auto save after mutations","messageBody":"","fileTypesAndContributionMap":{"java":{"insertions":2,"deletions":1}}},{"hash":"af6571004886ae04eb03594888cb868b74682045","isMergeCommit":true,"messageTitle":"Merge branch \u0027branch-Level-7\u0027","messageBody":"","tags":["Level-7"],"fileTypesAndContributionMap":{}},{"hash":"e34c53a06ea0311a7c7f60f5950a00bca4ecc613","isMergeCommit":false,"messageTitle":"Level-8: add DateTimeUtil for parsing and formatting dates","messageBody":"","fileTypesAndContributionMap":{"java":{"insertions":52,"deletions":0}}},{"hash":"4ce4e980ad4e102811c568180f38f97b1b886eec","isMergeCommit":false,"messageTitle":"Level-8: store deadlines using LocalDateTime","messageBody":"","fileTypesAndContributionMap":{"java":{"insertions":27,"deletions":1}}},{"hash":"93c7ea1bff0157ee12d6b3aa4fb59ae8f0edd1ac","isMergeCommit":false,"messageTitle":"Level-8: support LocalDateTime formatting for events when possible","messageBody":"","fileTypesAndContributionMap":{"java":{"insertions":27,"deletions":3}}},{"hash":"09339108a84a2c37b748e88066471c4193ee4a2b","isMergeCommit":false,"messageTitle":"Level-8: Included ISO in DateTimeUtility","messageBody":"","fileTypesAndContributionMap":{"java":{"insertions":9,"deletions":2}}},{"hash":"7efad5cdf9c44f9c09a53a7bfaa6b4b45d9c3639","isMergeCommit":false,"messageTitle":"Level-8: validate date/time inputs in Parser","messageBody":"","fileTypesAndContributionMap":{"java":{"insertions":2,"deletions":0}}},{"hash":"2af0d7de70343d901dfe5415f84469ac5590ae07","isMergeCommit":false,"messageTitle":"Level-8: validate date/time inputs in Parser","messageBody":"","fileTypesAndContributionMap":{"java":{"insertions":7,"deletions":3}}},{"hash":"314541a728f5db3abbdc80a83f1b0d531902587a","isMergeCommit":false,"messageTitle":"Fix: auto-save after task list changes","messageBody":"","fileTypesAndContributionMap":{"java":{"insertions":14,"deletions":5}}},{"hash":"fb4c1650efd3903cbcb1590312609ed793e8023d","isMergeCommit":true,"messageTitle":"Merge branch \u0027branch-Level-8\u0027","messageBody":"","tags":["Level-8"],"fileTypesAndContributionMap":{}},{"hash":"574902bb19627ee32bbe98fc8f105586fe34802f","isMergeCommit":false,"messageTitle":"A-MoreOOP: extract TaskList","messageBody":"","fileTypesAndContributionMap":{"java":{"insertions":100,"deletions":49}}},{"hash":"92ce9c3f41a056671c38427b03c35077e382b882","isMergeCommit":false,"messageTitle":"A-MoreOOP: extract Ui","messageBody":"","fileTypesAndContributionMap":{"java":{"insertions":77,"deletions":35}}},{"hash":"2a4ecba99775696ec259addb94878b469302be33","isMergeCommit":true,"messageTitle":"Merge branch \u0027branch-A-MoreOOP\u0027","messageBody":"","tags":["A-MoreOOP"],"fileTypesAndContributionMap":{}},{"hash":"ea6d5cd81384d35dbf45b7a7cc5950d041086440","isMergeCommit":false,"messageTitle":"A-Packages: placed all classes under chatterbox package","messageBody":"","fileTypesAndContributionMap":{"java":{"insertions":24,"deletions":0}}},{"hash":"82d5dc4110d9332634c07016ed232342645f2b59","isMergeCommit":true,"messageTitle":"Merge branch \u0027branch-A-Packages\u0027","messageBody":"","tags":["A-Packages"],"fileTypesAndContributionMap":{}},{"hash":"c62afa914244decae575ca5db06f325d990027ec","isMergeCommit":false,"messageTitle":"A-JUnit: add tests for DateTimeUtility","messageBody":"","fileTypesAndContributionMap":{"java":{"insertions":51,"deletions":0}}},{"hash":"30600cdfa4ba35a611a428cd764da9332378df40","isMergeCommit":false,"messageTitle":"A-JUnit: add tests for Parser validation","messageBody":"","fileTypesAndContributionMap":{"java":{"insertions":42,"deletions":0}}},{"hash":"31c5e9261dfff74125391641f2a7de61a2d5d2db","isMergeCommit":true,"messageTitle":"Merge branch \u0027branch-A-JUnit\u0027","messageBody":"","tags":["A-Jar","A-JUnit"],"fileTypesAndContributionMap":{}},{"hash":"7d8be316290ab80d83bda630a6a1bb64e7269887","isMergeCommit":false,"messageTitle":"Level-9: Add Find command","messageBody":"","fileTypesAndContributionMap":{"java":{"insertions":294,"deletions":21}}},{"hash":"51ee772eb4c9e4416476c0b686b714247c83533d","isMergeCommit":true,"messageTitle":"Merge branch \u0027branch-Level-9\u0027","messageBody":"","tags":["Level-9"],"fileTypesAndContributionMap":{}},{"hash":"d89df5dc7c4dfd4f0b213ecfa3b73c2922fe50b2","isMergeCommit":false,"messageTitle":"Add cheer command with quotes from text file","messageBody":"","fileTypesAndContributionMap":{"java":{"insertions":63,"deletions":30}}},{"hash":"6d1a95e2cd09710c50acfee391d4f500a9498509","isMergeCommit":false,"messageTitle":"Added cheer txt","messageBody":"","fileTypesAndContributionMap":{"txt":{"insertions":1,"deletions":0}}},{"hash":"ef25f9ce0bfe7a986d68674cb0edc1297e07036a","isMergeCommit":true,"messageTitle":"Merge branch \u0027branch-A-Cheer\u0027","messageBody":"","tags":["A-Cheer"],"fileTypesAndContributionMap":{}},{"hash":"2b2530363a5eed040f49f625fbccebe8e5c92c38","isMergeCommit":false,"messageTitle":"Add JavaDoc comments to some classes and methods","messageBody":"","fileTypesAndContributionMap":{"java":{"insertions":4,"deletions":0}}},{"hash":"14251b8cbe7cfe1d9aed72c1b19ca578361bf9ae","isMergeCommit":true,"messageTitle":"Merge branch \u0027branch-A-JavaDoc\u0027","messageBody":"","tags":["A-JavaDoc"],"fileTypesAndContributionMap":{}},{"hash":"a50f46157334278a2170698b51059e80895304f4","isMergeCommit":false,"messageTitle":"Made some coding standard changes","messageBody":"","fileTypesAndContributionMap":{"java":{"insertions":1,"deletions":1}}},{"hash":"40f0a254e0c91303eebe781f493cfdb7e0432cbc","isMergeCommit":true,"messageTitle":"Merge branch \u0027branch-A-CodingStandard\u0027","messageBody":"","tags":["A-CodingStandard"],"fileTypesAndContributionMap":{}}]},{"date":"2026-02-15T00:00:00","commitResults":[{"hash":"3b2283eec781c9322c903c9a8d58b198d540ece7","isMergeCommit":false,"messageTitle":"Add JavaFX Tutorial GUI scaffold","messageBody":"","fileTypesAndContributionMap":{"java":{"insertions":171,"deletions":10}}},{"hash":"aa2c8b2306e8b99c967839c9900066838848aa99","isMergeCommit":false,"messageTitle":"Wire GUI to ChatterBotCore via getResponse","messageBody":"","fileTypesAndContributionMap":{"java":{"insertions":0,"deletions":12}}},{"hash":"510714b643d7665a065035299c9662e19826442b","isMergeCommit":false,"messageTitle":"Wire GUI to ChatterBotCore via getResponse","messageBody":"","fileTypesAndContributionMap":{"java":{"insertions":38,"deletions":17}}},{"hash":"71367db31cd7f97b647cfbf2ac2377c2f7ede3a2","isMergeCommit":false,"messageTitle":"Add command framework","messageBody":"","fileTypesAndContributionMap":{"java":{"insertions":30,"deletions":0}}},{"hash":"ed7ad024fe6749786d4b2302e3f629c976f6c321","isMergeCommit":false,"messageTitle":"Implement non-mutating commands via Parser","messageBody":"","fileTypesAndContributionMap":{"java":{"insertions":173,"deletions":179}}},{"hash":"daa28cbe36dc4d7ad25238af22d2f019223d411f","isMergeCommit":false,"messageTitle":"Implement add commands with persistence","messageBody":"","fileTypesAndContributionMap":{"java":{"insertions":209,"deletions":14}}},{"hash":"4f66c7f56e9fb326d81366a43de50a7f5d81f27c","isMergeCommit":false,"messageTitle":"Implement mark/unmark/delete commands with validation and persistence","messageBody":"","fileTypesAndContributionMap":{"java":{"insertions":176,"deletions":119}}},{"hash":"fa01f7ae28602550ce9e1996ff9a7ce8f27c1187","isMergeCommit":false,"messageTitle":"Implement bye command and exit flow via CommandResult","messageBody":"","fileTypesAndContributionMap":{"java":{"insertions":109,"deletions":10}}},{"hash":"deb168b62e34d4c1efeb91bc6707a3bf780153ac","isMergeCommit":true,"messageTitle":"Merge branch \u0027branch-Level10-GUI\u0027","messageBody":"","tags":["Level-10"],"fileTypesAndContributionMap":{}},{"hash":"48f0f4f9cc5a77a5f245352a043097cd9cbeff83","isMergeCommit":false,"messageTitle":"Add unit tests for TaskList deletion and Storage persistence","messageBody":"","fileTypesAndContributionMap":{"java":{"insertions":116,"deletions":12}}},{"hash":"130b1af13e36a49cbffed6deadddfd60a6964e51","isMergeCommit":true,"messageTitle":"Merge branch \u0027branch-A-UnitTesting\u0027","messageBody":"","tags":["A-UnitTesting"],"fileTypesAndContributionMap":{}}]},{"date":"2026-02-22T00:00:00","commitResults":[{"hash":"22dabacac7de12d57d1a507a9e238fedace40245","isMergeCommit":false,"messageTitle":"Add assertions to document internal invariants","messageBody":"Inserted Java assert statements across Task, TaskList, and Parser to\ndocument key internal assumptions such as non-nulll task descriptions\nand valid task list bounds.\n\nThese assertions serve as executable documentation and\nhelp detect programmer errors early without replacing\nuser-facing validation.\n\nOA\n","fileTypesAndContributionMap":{"java":{"insertions":22,"deletions":1}}},{"hash":"6c63c42728a899df9c9e42e64c0a978025d76c24","isMergeCommit":false,"messageTitle":"Made code quality changes to Deadline, Storage and CheerCommand","messageBody":"","fileTypesAndContributionMap":{"java":{"insertions":39,"deletions":5}}},{"hash":"db7b3bbd5493f5fab37c6d857714cc82d9d276c8","isMergeCommit":false,"messageTitle":"Updated HelpCommand","messageBody":"","tags":["BCD-Extension"],"fileTypesAndContributionMap":{"java":{"insertions":43,"deletions":17}}}]}]},"authorFileTypeContributionMap":{"Chong Shao Ian, Elliot":{"java":0,"md":0,"txt":0},"siaoarh":{"java":1858,"md":1,"txt":6}},"authorContributionVariance":{"Chong Shao Ian, Elliot":0.0,"siaoarh":60071.758},"authorDisplayNameMap":{"Chong Shao Ian, Elliot":"Chong Shao Ian, Elliot","siaoarh":"siaoarh"}}
