{"authorDailyContributionsMap":{"jimmy-neu":[{"date":"2026-01-29T00:00:00","commitResults":[{"hash":"a0e3b9d1c3854f183ebb664ef4f122297128bd75","isMergeCommit":false,"messageTitle":"Implement Level-0: Rename, Greet, Exit","messageBody":"","tags":["Level-0"],"fileTypesAndContributionMap":{"java":{"insertions":16,"deletions":10},"md":{"insertions":3,"deletions":3}}}]},{"date":"2026-02-01T00:00:00","commitResults":[{"hash":"adc2f3179ce7b421d97161ed2dcc3e16211b32b8","isMergeCommit":false,"messageTitle":"Implement Level-1 and add a  chatbot.main package to wrap the ZhengjunChatbox","messageBody":"","fileTypesAndContributionMap":{"java":{"insertions":21,"deletions":9}}},{"hash":"2dd424fcb43883a60302b77074eac92d9ff284e0","isMergeCommit":false,"messageTitle":"Fix package structure","messageBody":"","tags":["Level-1"],"fileTypesAndContributionMap":{"java":{"insertions":6,"deletions":2}}},{"hash":"b737bf27f94b1eb341c8f715dfcd0075b95bb183","isMergeCommit":false,"messageTitle":"Implement Level-2: Add,List","messageBody":"","tags":["Level-2"],"fileTypesAndContributionMap":{"java":{"insertions":17,"deletions":11}}},{"hash":"86f2053c364c314a5aa629c760215b0a4f4bf2a7","isMergeCommit":false,"messageTitle":"Implement Level-3: Mark as Done and add a new Task class","messageBody":"","tags":["Level-3"],"fileTypesAndContributionMap":{"java":{"insertions":54,"deletions":9}}},{"hash":"4737012559b87d0ea733d391a05b8e0c045abf43","isMergeCommit":false,"messageTitle":"Implement Level-4 Logic: ToDo, Deadline, Event(3 child classes are created)","messageBody":"","tags":["Level-4"],"fileTypesAndContributionMap":{"java":{"insertions":75,"deletions":6}}},{"hash":"9984cf5a24442309c4b3f0ad83759a856c29b9c6","isMergeCommit":false,"messageTitle":"Finalize Automated  A-TextUiTesting \u0026  Fixed whitespace mismatch","messageBody":"","tags":["A-TextUiTesting"],"fileTypesAndContributionMap":{"txt":{"insertions":10,"deletions":0},"java":{"insertions":6,"deletions":1}}},{"hash":"478cd769dda248943519d92bcbabd0c2e71d5668","isMergeCommit":false,"messageTitle":"Level-5: Handle Errors","messageBody":"","tags":["Level-5"],"fileTypesAndContributionMap":{"java":{"insertions":86,"deletions":44}}},{"hash":"dab5dd3b0eefaee3197f7a5ac7ea27a2b3ac29af","isMergeCommit":false,"messageTitle":"Complete Level-6: Delete with respective error handled","messageBody":"","tags":["Level-6"],"fileTypesAndContributionMap":{"java":{"insertions":13,"deletions":6}}},{"hash":"c0f64044ee926048a9a300d4be08d9a9fafdeea4","isMergeCommit":false,"messageTitle":"A-Enums","messageBody":"","tags":["A-Enums"],"fileTypesAndContributionMap":{"java":{"insertions":87,"deletions":75}}}]},{"date":"2026-02-08T00:00:00","commitResults":[{"hash":"6ddfaf4d9005fe63b2e1828626049f4ecde8a6a2","isMergeCommit":false,"messageTitle":"Level-7: Add save and load funtion","messageBody":"","fileTypesAndContributionMap":{"txt":{"insertions":2,"deletions":0},"java":{"insertions":108,"deletions":2}}},{"hash":"dd16a08563455623348993456d9e7a4957d0e6af","isMergeCommit":true,"messageTitle":"Merge branch \u0027branch-Level-7\u0027","messageBody":"","tags":["Level-7"],"fileTypesAndContributionMap":{}},{"hash":"686ecccabea51e0240bca74ccb7f6f7770916ae8","isMergeCommit":false,"messageTitle":"Level-8: Dates and Times","messageBody":"","fileTypesAndContributionMap":{"txt":{"insertions":3,"deletions":2},"java":{"insertions":65,"deletions":12}}},{"hash":"6b9b07f65a17e3037667bf27cbb886a2160ba628","isMergeCommit":true,"messageTitle":"Merge branch \u0027branch-Level-8\u0027","messageBody":"","tags":["Level-8"],"fileTypesAndContributionMap":{}},{"hash":"0d10021a6328cc50525b56fba33e332e7570deec","isMergeCommit":false,"messageTitle":"A-Packages: Organize classes","messageBody":"","fileTypesAndContributionMap":{"java":{"insertions":251,"deletions":127}}},{"hash":"c3ebc8ccca7e89f319ecfe3b0cd70ef09662962a","isMergeCommit":true,"messageTitle":"Merge branch \u0027branch-A-MoreOOP\u0027","messageBody":"","tags":["A-MoreOOP"],"fileTypesAndContributionMap":{}},{"hash":"fbe45e84843382fef81d9de86eeb11e297247316","isMergeCommit":false,"messageTitle":"A-Packages: Add commands and tasks package","messageBody":"","tags":["A-Packages"],"fileTypesAndContributionMap":{"txt":{"insertions":3,"deletions":3},"java":{"insertions":113,"deletions":50}}},{"hash":"df8cbd5cc5881ae93f153246c51ecc8b681e5e13","isMergeCommit":false,"messageTitle":"A-JUnit: Testcases for Todo and Parser","messageBody":"","tags":["A-JUnit"],"fileTypesAndContributionMap":{"java":{"insertions":29,"deletions":0}}},{"hash":"56b5c5027f8bd150cffa7ec9014153e430ca145d","isMergeCommit":false,"messageTitle":"Level-9: Add FindCommand","messageBody":"","tags":["Level-9"],"fileTypesAndContributionMap":{"java":{"insertions":50,"deletions":1}}},{"hash":"a9bdabd1e85b8ce0abcc5bee5178b677dc2e53d0","isMergeCommit":false,"messageTitle":"A-Cheer: Add cheer command","messageBody":"","tags":["A-Cheer"],"fileTypesAndContributionMap":{"txt":{"insertions":3,"deletions":0},"java":{"insertions":44,"deletions":0}}},{"hash":"acf83afa6f1a2fbdcb1fafad48d1f5ed32f5590a","isMergeCommit":false,"messageTitle":"A-JavaDoc: Add header  comments","messageBody":"","tags":["A-JavaDoc"],"fileTypesAndContributionMap":{"java":{"insertions":27,"deletions":8}}},{"hash":"f6f87587fb1949cfac81a35357cb9d0d9435e217","isMergeCommit":false,"messageTitle":"A-CodingStandard: rename parameter in Parser to create confliction","messageBody":"","tags":["A-CodingStandard"],"fileTypesAndContributionMap":{"java":{"insertions":2,"deletions":2}}},{"hash":"e3210867f6d4ad45b657b6dbd8bc0813aa5b28f7","isMergeCommit":true,"messageTitle":"Merge A-Cheer and resolve conflict","messageBody":"","fileTypesAndContributionMap":{}},{"hash":"05ecfa058953a210ceb29c087e62a45f75299c46","isMergeCommit":true,"messageTitle":"Merge branch \u0027branch-A-CodingStandard\u0027","messageBody":"","fileTypesAndContributionMap":{}},{"hash":"2217125f52289f9d80f47f15106d3d739704db7a","isMergeCommit":true,"messageTitle":"Merge A-JavaDoc and resolve conflict","messageBody":"","fileTypesAndContributionMap":{}}]},{"date":"2026-02-12T00:00:00","commitResults":[{"hash":"f8c7dad57afdf6ce63644a8e9a1b1e4c01a0118a","isMergeCommit":false,"messageTitle":"Fix issues in PR week 5","messageBody":"","fileTypesAndContributionMap":{"txt":{"insertions":1,"deletions":1},"java":{"insertions":54,"deletions":48}}}]},{"date":"2026-02-15T00:00:00","commitResults":[{"hash":"528138269ae930d719a5c85e3122824e7bae5f54","isMergeCommit":false,"messageTitle":"Added GUI using JavaFX","messageBody":"","tags":["Level-10"],"fileTypesAndContributionMap":{"txt":{"insertions":2,"deletions":0},"java":{"insertions":220,"deletions":92}}},{"hash":"8bef59fd6926568c5a3966f3c257bdfc9f06f89c","isMergeCommit":false,"messageTitle":"Add A-UnitTesting","messageBody":"","tags":["A-UnitTesting"],"fileTypesAndContributionMap":{"java":{"insertions":39,"deletions":4}}}]},{"date":"2026-02-22T00:00:00","commitResults":[{"hash":"ec965be7852c9d5dca3ff3f08f4b218fefdb365b","isMergeCommit":false,"messageTitle":"Parser and Tasks: Add Javadoc and update bracket style","messageBody":"Many classes (e.g., Parser, Deadline, TaskList) lack Javadoc header\ncomments. Some if-statements use a single-line format without braces\nor non-Egyptian style brackets.\n\nLet\u0027s,\n* add Javadoc header comments to all Task subclasses and TaskList\n* refactor if-statements to use Egyptian-style braces consistently\n* ensure every conditional block uses braces even for single lines\n\nThis alignment with the Java Style Guide improves code quality\nand maintainability as requested in PR peer reviews.\n","fileTypesAndContributionMap":{"txt":{"insertions":2,"deletions":2},"java":{"insertions":76,"deletions":55}}},{"hash":"10e18ededf8ad806b52d7d50c1a75472224d4a86","isMergeCommit":false,"messageTitle":"MarkCommand: Extract from ChatBoxException to separate class","messageBody":"MarkCommand is currently defined as a nested static class inside\nChatBoxException.\n\nDefining logic-heavy commands inside exception classes violates the\nSingle Responsibility Principle. It makes the code harder to navigate\nand maintain as the project grows.\n\nLet\u0027s,\n* create a new standalone MarkCommand class in the commands package\n* remove the nested implementation from ChatBoxException.java\n* update the Parser to import and instantiate the new standalone class\n\nThis refactoring improves code organization and ensures each class\nhas a single, clear purpose.\n","tags":["A-FullCommitMessage"],"fileTypesAndContributionMap":{"java":{"insertions":53,"deletions":42}}},{"hash":"7db42a652fe04ccde948afcaa77fff1642761535","isMergeCommit":false,"messageTitle":"Assertions: Add Assertion Check in Parser","messageBody":"","fileTypesAndContributionMap":{"java":{"insertions":10,"deletions":0}}},{"hash":"704af22fb36e706b788b2f73c094c1693df88249","isMergeCommit":false,"messageTitle":"Fix: Update Comments in Parser","messageBody":"","fileTypesAndContributionMap":{"java":{"insertions":0,"deletions":3}}},{"hash":"144a2a5fb1f313242f02f1b63a43f54c27117516","isMergeCommit":false,"messageTitle":"CodeQuality: Standardize Javadoc Comments in Commands","messageBody":"","fileTypesAndContributionMap":{"java":{"insertions":68,"deletions":6}}},{"hash":"b3cac7def40c74cf4d01a57343786f14960fcfac","isMergeCommit":false,"messageTitle":"C-DetectDuplicates: Prevent adding identical tasks","messageBody":"","tags":["BCD-Extension"],"fileTypesAndContributionMap":{"java":{"insertions":33,"deletions":5}}}]}],"Jimmy-366":[{"date":"2026-02-22T00:00:00","commitResults":[{"hash":"636fdb4a38baa91370fd4f18dbfe9e1beb738f15","isMergeCommit":true,"messageTitle":"Merge pull request #1 from jimmy-neu/branch-A-CodeQuality","messageBody":"CodeQuality: Standardize Javadoc Comments in Commands","tags":["A-CodeQuality"],"fileTypesAndContributionMap":{}},{"hash":"c7d99f8a037414ec39f23b93fa994a17de67eb18","isMergeCommit":true,"messageTitle":"Merge pull request #2 from jimmy-neu/branch-A-Assertions","messageBody":"Branch a assertions","tags":["A-Assertions"],"fileTypesAndContributionMap":{}}]}]},"authorFileTypeContributionMap":{"jimmy-neu":{"java":1009,"md":3,"txt":18},"Jimmy-366":{"java":0,"md":0,"txt":0}},"authorContributionVariance":{"jimmy-neu":24117.016,"Jimmy-366":0.0},"authorDisplayNameMap":{"jimmy-neu":"jimmy-neu","Jimmy-366":"Jimmy-366"}}
