{"authorDailyContributionsMap":{"Gogeta2792":[{"date":"2026-01-28T00:00:00","commitResults":[{"hash":"7e4173d6797f0ca0c50d5c4ea4bae13a06e8aac1","isMergeCommit":false,"messageTitle":"Rename, Greet, Exit - Replace Duke with Spot","messageBody":"Rename the starter entry point to Spot and update the build/test setup to\nmatch the new chatbot name (Spot)\n\n- Add Spot main that prints the greeting/logo\n- Replaced mentions of Duke with Spot\n- Update text UI expected output and test runners to run Spot\n","tags":["Level-0"],"fileTypesAndContributionMap":{"java":{"insertions":17,"deletions":10}}},{"hash":"6ec529551267859687ed8192b753909c19d023e4","isMergeCommit":false,"messageTitle":"Echo - Echo user commands and exit if command is bye","messageBody":"Add an input loop to read commands from java.util.Scanner and echo each line back. Terminate the session when the user enters bye (case-insensitive), then print the farewell message. Also added right-aligned messages for Spot to mimic Chatbot aesthetics\n","tags":["Level-1"],"fileTypesAndContributionMap":{"java":{"insertions":26,"deletions":2}}},{"hash":"7347c9d57188adbe07e505fc9f34054bee62968e","isMergeCommit":false,"messageTitle":"Add, List - Store user entered tasks in memory","messageBody":"Store user entered tasks and display it on request via the list command.\n\nIgnore empty inputs.\n\nImproved readability with String alignFormat.\n","tags":["Level-2"],"fileTypesAndContributionMap":{"java":{"insertions":35,"deletions":8}}},{"hash":"365159aaa7da7671a7633124b8a35fe49805a15d","isMergeCommit":false,"messageTitle":"Mark as Done - Support marking tasks done / undone","messageBody":"Spot can now mark and unmark added tasks via mark/unmark commands, allowing users to track progress. Edge cases for mark/unmark handled.\n","tags":["Level-3"],"fileTypesAndContributionMap":{"java":{"insertions":53,"deletions":4}}}]},{"date":"2026-01-29T00:00:00","commitResults":[{"hash":"5231424f4e21a5b20189299b6f8852b78ddd9937","isMergeCommit":false,"messageTitle":"Spot: Refactor for readability and maintainability","messageBody":"Spot.java had all it\u0027s logic in main(). It started getting hard to understand and work with the code. Refactoring to help improve clarity and make future changes easier.\n","tags":["A-Enums"],"fileTypesAndContributionMap":{"java":{"insertions":223,"deletions":92}}},{"hash":"f40bf4bb200477ab8638a485e953db9b130ff9a5","isMergeCommit":false,"messageTitle":"ToDo, Event, Deadline - Added aforementioned task types","messageBody":"Spot supports only a single task type with a simple description. Users need to trackcertain types of tasks like  todos (no date), deadlines (due by a date/time), and events (start and end date/time)\n\nTasks have now been refactored into an abstract Task base with Todo, Deadline,and Event subclasses extending Task. Add-task response now also shows the task count. List and mark/unmark output use the type icon and fulldisplay string for each task\n","tags":["Level-4"],"fileTypesAndContributionMap":{"java":{"insertions":149,"deletions":13}}},{"hash":"c230a36cdf447b606753e76a84a678e99907eec5","isMergeCommit":false,"messageTitle":"A-TextUiTesting via IO redirection","messageBody":"Spot has no automated checks for its text UI. Manual testing is error prone and scales poorly as more commands are added.Added a text-ui-test setup using IO redirection so that Spot is run with input from a file and output is compared to an expected file. This follows the SE-EDU tutorial on automating text UI testing.\n","tags":["A-TextUiTesting"],"fileTypesAndContributionMap":{"txt":{"insertions":13,"deletions":0},"md":{"insertions":31,"deletions":0}}},{"hash":"f666a6f6ac8ac8b8344f104f94a3b19585730bcc","isMergeCommit":false,"messageTitle":"Handle Errors: Add error handling and help command","messageBody":"Spot handles invalid input and unknown commands, and users now have a way to discover available commands.Invalid input leads to unclear behavior or generic messages. A dedicated help command makes the UI easier to use.\n","tags":["Level-5","BCD-Extension"],"fileTypesAndContributionMap":{"txt":{"insertions":2,"deletions":0},"java":{"insertions":69,"deletions":9},"md":{"insertions":32,"deletions":9}}},{"hash":"2dc10c37b3ec5d227cc72a397550d40e3c6c6049","isMergeCommit":false,"messageTitle":"Delete: Add delete task command","messageBody":"Users can add, list, and mark/unmark tasks but cannot remove tasks from the list. Users can now remove tasks to keep the list manageable.\n","tags":["Level-6"],"fileTypesAndContributionMap":{"txt":{"insertions":4,"deletions":0},"java":{"insertions":42,"deletions":0},"md":{"insertions":7,"deletions":6}}}]},{"date":"2026-02-04T00:00:00","commitResults":[{"hash":"d7dcba744e5ea58bfda430cbf3e4b6b700a2de47","isMergeCommit":false,"messageTitle":"Level-7 Save","messageBody":"","fileTypesAndContributionMap":{"txt":{"insertions":0,"deletions":0},"java":{"insertions":134,"deletions":14}}},{"hash":"1075e1b61548d0b60b419d2e468675f3a490abe5","isMergeCommit":true,"messageTitle":"Merge branch-Level-7: Level-7 Save","messageBody":"","tags":["Level-7"],"fileTypesAndContributionMap":{}},{"hash":"b659e4c1fc32c39b3aa45e2e9a02020df35e6db9","isMergeCommit":false,"messageTitle":"Level-8: Dates and Times","messageBody":"Add date/time handling for deadlines and on command.\n","fileTypesAndContributionMap":{"java":{"insertions":127,"deletions":16}}},{"hash":"b921293fc9a76630c8b3137d196b88044c894284","isMergeCommit":true,"messageTitle":"Merge branch-Level-8: Level-8: Dates and Times","messageBody":"Deadline by is stored as a string hence users cannot rely on real datesor times for deadline tracking. Storing dates as java.time types and showing them in a readable format now.\n","tags":["Level-8"],"fileTypesAndContributionMap":{}}]},{"date":"2026-02-05T00:00:00","commitResults":[{"hash":"4c779cae663b2717b9f36d23de5e6b448869a378","isMergeCommit":false,"messageTitle":"Organize Java classes into spot package structure","messageBody":"Proper package layout so that the codebase scales and tools can rely on a clear structure\n\nEach class now has the correct package declaration and imports for cross-package references. Build and text-ui-test scripts are updated to use the main class spot.Spot\n","fileTypesAndContributionMap":{"java":{"insertions":44,"deletions":11}}},{"hash":"c9b736bdd40a78e8c2dcb57a4d189d13190123f1","isMergeCommit":true,"messageTitle":"Merge A-Packages","messageBody":"Organize Java classes into spot package structure\n\nProper package layout so that the codebase scales and tools can rely on a clear structure\n\nEach class now has the correct package declaration and imports for cross-package references. Build and text-ui-test scripts are updated to use the main class spot.Spot\n","tags":["A-Packages"],"fileTypesAndContributionMap":{}},{"hash":"574ea1c26f18335b419e0e581438788c7a5eb3f1","isMergeCommit":false,"messageTitle":"A-JUnit: Add JUnit tests","messageBody":"Cover parse/createTask/parseDate, TaskList operations and getDeadlinesOn, Storage load/save round-trips, and Todo/Deadline/Event behavior\n","fileTypesAndContributionMap":{"java":{"insertions":649,"deletions":0}}},{"hash":"25451f9b0e6bbe57565fd5b6fd366a706ad94187","isMergeCommit":true,"messageTitle":"A-JUnit: Add JUnit tests","messageBody":"Cover parse/createTask/parseDate, TaskList operations and getDeadlinesOn, Storage load/save round-trips, and Todo/Deadline/Event behavior\n","tags":["A-Jar","A-JUnit","A-Gradle"],"fileTypesAndContributionMap":{}}]},{"date":"2026-02-06T00:00:00","commitResults":[{"hash":"2e8e1a2eec71bda403ee65c418a8425ed435ed2d","isMergeCommit":false,"messageTitle":"Merge A-JavaDoc, A-CodingStandard, Level-9, A-Cheer","messageBody":"","tags":["Level-9","A-JavaDoc","A-CodingStandard","A-Cheer"],"fileTypesAndContributionMap":{"txt":{"insertions":13,"deletions":0},"java":{"insertions":472,"deletions":16},"md":{"insertions":28,"deletions":0}}}]},{"date":"2026-02-10T00:00:00","commitResults":[{"hash":"800c5b07d7cf7079d94da5f22a68cbede3675482","isMergeCommit":false,"messageTitle":"Add Checkstyle and fix style violations","messageBody":"Project does not enforce the SE-EDU Java coding standard, making styleregressions easy to miss.\n\nLet\u0027s enable Gradle Checkstyle with the SE-EDU ruleset and update code tocomply with it:\n- Add Checkstyle plugin and config under config/checkstyle/\n- Fix import grouping/order and remove star static imports in tests\n- Wrap long lines and fix whitespace issues\n\nChecked with: gradlew checkstyleMain checkstyleTest, gradlew test\n","fileTypesAndContributionMap":{"java":{"insertions":45,"deletions":23}}},{"hash":"5915cc3a8b23efd193b9a161e597ce553b025254","isMergeCommit":true,"messageTitle":"Add Checkstyle and fix style violations","messageBody":"Project does not enforce the SE-EDU Java coding standard, making styleregressions easy to miss.\n\nLet\u0027s enable Gradle Checkstyle with the SE-EDU ruleset and update code tocomply with it:\n\u003e\u003e - Add Checkstyle plugin and config under config/checkstyle/\n\u003e\u003e - Fix import grouping/order and remove star static imports in tests\n\u003e\u003e - Wrap long lines and fix whitespace issues\n\nChecked with: gradlew checkstyleMain checkstyleTest, gradlew test\n","tags":["A-Checkstyle","A-CheckStyle"],"fileTypesAndContributionMap":{}}]},{"date":"2026-02-11T00:00:00","commitResults":[{"hash":"23f5e37f21b878abd48760789d70e63f1b4c367e","isMergeCommit":false,"messageTitle":"Level-10:GUI","messageBody":"Spot has only a text-based CLI. A graphical interface improves usabilityand aligns the project with the JavaFX tutorial structure.\n\nLet\u0027s add a JavaFX GUI:* Introduce a separate Launcher class as the JavaFX entry point and keep Spot as the CLI entry point.* Add Main, DialogBox and FXML/resources for the GUI; run via  spot.Launcher or ./gradlew run.* Use DaUser.png and DaSpot.png in src/main/resources/images/ for  user and Spot avatars in dialog boxes (placeholders if missing).* Retain all existing behavior; CLI still runs via spot.Spot with the  same commands and data file (data/spot.txt).\n\nREADME and build.gradle are updated for JDK 21 and GUI run instructions.\n","fileTypesAndContributionMap":{"txt":{"insertions":2,"deletions":0},"java":{"insertions":342,"deletions":69},"md":{"insertions":5,"deletions":0}}},{"hash":"24f265082e5cc8cc3d2ddb2e6d5c3081e6c12f6c","isMergeCommit":false,"messageTitle":"Ui: Use plain formatting for GUI output","messageBody":"When Ui writes to an Appendable (GUI), it reuses the same bordered,right-aligned layout as the CLI. That produces long dashed separatorlines in the chat and fixed-width help text that breaks when thelabel wraps, splitting explanations across lines.\n\nIntroduce a GUI mode (output !\u003d null): skip border lines andright-alignment, and format help as one line per command(command - description) so each pair stays together when wrapped.Apply the same plain formatting to welcome, farewell, list, find,deadlines, task confirmations, errors, and cheer so all Spotreplies in the GUI are readable without CLI artifacts.\n\nCLI behavior is unchanged: when output is System.out, the existingbordered layout is still used.\n","fileTypesAndContributionMap":{"java":{"insertions":93,"deletions":16},"md":{"insertions":62,"deletions":0}}},{"hash":"b8a28476b5df6192430b4580755794945f754163","isMergeCommit":false,"messageTitle":"DialogBox: Shrink avatars and show them as circles","messageBody":"Avatar images in chat boxes were 100100 and rectangular, so theydominated the layout and looked out of place.\n\nReduce avatar size to 4848 and clip the ImageView with a Circle souser and Spot pictures appear as circular profile images. UsesetPreserveRatio(true) so the image is scaled without distortion before clipping.\n","fileTypesAndContributionMap":{"java":{"insertions":10,"deletions":2}}},{"hash":"f420ba05eb6e6c67565be56d9c0f63121aeee258","isMergeCommit":false,"messageTitle":"GUI: Add chat bubbles and spacing for dialog messages","messageBody":"Dialog messages are plain labels with no visual container and littlespace between text and avatar or between messages, so the chat feelscramped and flat.\n\nStyle the message text as rounded rectangles (bubbles) with padding:light gray for the user and light blue for Spot so each side iseasy to tell apart. Add spacing between the bubble and the avatarinside each row, and padding and vertical spacing in the dialogcontainer so messages are clearly separated.\n","fileTypesAndContributionMap":{"java":{"insertions":22,"deletions":6},"md":{"insertions":0,"deletions":0}}}]},{"date":"2026-02-12T00:00:00","commitResults":[{"hash":"0d8421633963d0b6adb199e86ac9faf708777726","isMergeCommit":false,"messageTitle":"GUI: Style window, Spot bubble, and add an empty-state hint","messageBody":"The main window has no background styling, the input blends into the chat, Spots bubble color is generic, and new users get no prompt when the chat is empty.\n\nSet a consistent light gray background (#f0f0f0) on the main pane andmake the scroll area transparent so it matches. Give the inputfield a white background and a light top border so it is clearlyseparate from the chat. Change Spots bubble to blue (#03a2e9) withwhite text for a clearer brand look. Add a short hint above theinputType a command or say helpwhen there are no (or onlywelcome) messages, and hide it after the first user message so thechat stays uncluttered once in use.\n","fileTypesAndContributionMap":{"java":{"insertions":31,"deletions":9}}},{"hash":"4fae61a9bc1b026cc053c92e9068dbe68e6c3b28","isMergeCommit":false,"messageTitle":"GUI: Add Spot header and remove Spot avatar from chat bubbles","messageBody":"The chat has no fixed contact area, and Spots image appears next to every Spot message, so it feels repetitive.\n\nAdd a fixed top header that stays visible when scrolling, with acircular Spot avatar and the label Spot the Dog, and give thescrollable area a clear top bound. Remove the Spot avatar from chatbubbles so DaSpot.png is shown only in the header; Spots repliesremain blue bubbles on the right with no avatar. User messages stillshow DaUser.png next to the gray bubble.\n","fileTypesAndContributionMap":{"java":{"insertions":64,"deletions":20}}},{"hash":"a4e4e5de328fb61fe3ca20ae4a37ff387f19a322","isMergeCommit":true,"messageTitle":"Merge branch \u0027Level-10\u0027 into master","messageBody":"Integrate Level-10: JavaFX GUI for Spot (Launcher, Main, DialogBox),chat bubbles, header with Spot avatar, and GUI-friendly UI output\n","tags":["Level-10"],"fileTypesAndContributionMap":{}},{"hash":"e34f112e8032e1c372813093d6135799e153c77c","isMergeCommit":false,"messageTitle":"GUI: Omit Spot: prefix from Spot\u0027s chat messages","messageBody":"In the GUI, the header already shows Spot the Dog, so repeating Spot: at the start of each reply is redundant.\n\n- Use message text without Spot: everywhere\n","fileTypesAndContributionMap":{"java":{"insertions":21,"deletions":21}}}]},{"date":"2026-02-17T00:00:00","commitResults":[{"hash":"a58b88ba08bb29a6ad349c9708379ad4b4649f08","isMergeCommit":false,"messageTitle":"TaskList.findTasks() and Parser handling of the find command had no unit tests","messageBody":"Add tests so search and find-parsing behaviour is covered and regressions are caught.\n\n- TaskListTest: findTasks_withMatchingKeyword_returnsMatchingTasks\n  (positive, incl. case-insensitive match), findTasks_nullEmptyOrNoMatch_\n  returnsEmptyList (negative).\n- ParserTest: parse_findWithKeyword_returnsFindWithArgument (positive),\n  parse_findWithNoKeyword_returnsEmptyArgument (negative).\nTests follow existing style and use brief comments to state each tests purpose.\n","tags":["v0.2"],"fileTypesAndContributionMap":{"java":{"insertions":63,"deletions":0}}}]},{"date":"2026-02-19T00:00:00","commitResults":[{"hash":"b5ac8c481e7afa89d4e4f6d085e7abe0b3a7a3ea","isMergeCommit":false,"messageTitle":"A-Assertions: Add assert statements to document code assumptions","messageBody":"Assumptions at key points in the code are not documented or checked.\n\nAdding Java assert makes preconditions and\ninvariants explicit and enforces them when the JVM is run with -ea.\n\n- Task layer: non-null description, deadline by, event from/to\n- TaskList: non-null task in add(); index in range for get/remove\n- Parser/ParsedCommand: non-null input and parsed command\n- Storage: non-null path and task list; valid line part counts when parsing\n- Spot: non-empty trimmed input in runOneCommand; valid task index after\n  range check in mark/delete; non-empty quotes before random pick\n- Ui: non-null scanner and task; positive border width; HELP_COMMANDS rows\n  have [command, description]; non-null queried date in showDeadlinesOn\n\nAssertions are disabled by default; enable with -ea for development or\ntesting.\n","tags":["A-FullCommitMessage"],"fileTypesAndContributionMap":{"java":{"insertions":29,"deletions":0}}},{"hash":"b73f875805c49e4dd17cb88eb46aff03ad23a355","isMergeCommit":false,"messageTitle":"A-CodeQuality: Refactor code for Code Quality standards","messageBody":"Apply CS2103DE Code Quality guidelines across the codebase to improve\nreadability and maintainability.\n\n- Ui: Remove dead commented LOGO code; name magic numbers in help table\n  (HELP_CMD_WIDTH, HELP_COLUMN_GAP); extract printTaskListBlock() so\n  showList, showMatchingTasks, and showDeadlinesOn share one path.\n- Spot: Extract parseAndValidateTaskIndex() so mark/delete share\n  parsing and validation (DRY, guard clauses).\n- Storage: Split on STORAGE_DELIMITER_REGEX (Pattern.quote) instead of\n  inline regex.\n- Parser, CheerQuotes: Document intentionally empty catch blocks.\n- TaskList: Flatten nested if in getDeadlinesOn to a single condition.\n- DialogBox: Replace magic numbers with MAX_TEXT_WIDTH and\n  AVATAR_TEXT_SPACING.\n","fileTypesAndContributionMap":{"java":{"insertions":90,"deletions":116}}},{"hash":"79f348f0e5d80693891e08218208d5d60032747a","isMergeCommit":false,"messageTitle":"A-Stream: Use Java Streams in TaskList, Storage, Ui and CheerQuotes","messageBody":"List iteration and filtering were done with manual for loops and\nmutable accumulators. Refactoring to Streams makes the intent\nclearer and aligns with idiomatic Java.\n\n- TaskList: findTasks and getDeadlinesOn use stream().filter().toList()\n- Storage: load() parses lines via map/filter; save() maps tasks to lines\n- Ui: showList, showMatchingTasks, showDeadlinesOn use IntStream.range;\n  showHelp uses Arrays.stream(HELP_COMMANDS).forEach\n- CheerQuotes: use .toList() and return List.of() for empty cases\n","fileTypesAndContributionMap":{"java":{"insertions":42,"deletions":75}}},{"hash":"5c0e95093915c80a99e595debfd623c0371deabe","isMergeCommit":true,"messageTitle":"Merge Master into branch-A-CodeQuality","messageBody":"","fileTypesAndContributionMap":{}},{"hash":"cfdb527c4b247e17210db2353a6b48d7d40047e3","isMergeCommit":true,"messageTitle":"Merge Master into branch-A-Streams","messageBody":"","fileTypesAndContributionMap":{}},{"hash":"63339be6cc42d911f32299177a3c1086cae76618","isMergeCommit":true,"messageTitle":"Merge master into branch-A-Streams","messageBody":"","fileTypesAndContributionMap":{}}]}],"Vincent":[{"date":"2026-02-04T00:00:00","commitResults":[{"hash":"bd1141b1f3295907c578d5ce8637e25e3ef5f8ec","isMergeCommit":false,"messageTitle":"Style: align switch/case, add Javadoc param docs, and improve naming","messageBody":"Align case indentation with switch in runCommandLoop, createTask, and getAddTaskErrorMessage as per CS2103DE guidelines\n\nAdd Javadoc (including @param descriptions) for runCommandLoop and handleOnCommand.\n\nReplace generic names with meaningful names (e.g., numberFormatException, parseException, dateTimeString)\n","fileTypesAndContributionMap":{"java":{"insertions":83,"deletions":70}}}]},{"date":"2026-02-05T00:00:00","commitResults":[{"hash":"77b621e9b5e91a4640a3e8f9d63915a24d8c5803","isMergeCommit":false,"messageTitle":"Refactor: More OOP","messageBody":"Extract closely related code into dedicated classes to improve code organization and maintainability\n\nSpot.java now acts as a lightweight orchestrator that coordinates between the extracted components.\nAll functionality remains unchanged and text-ui tests pass without modification.\n","fileTypesAndContributionMap":{"java":{"insertions":709,"deletions":633}}},{"hash":"f13174fab43443169e617fbede63fe97401911b8","isMergeCommit":true,"messageTitle":"Merge A-MoreOOP","messageBody":"","tags":["A-MoreOOP"],"fileTypesAndContributionMap":{}}]},{"date":"2026-02-19T00:00:00","commitResults":[{"hash":"0f21fd6fb352d3659c83c210e2eec54f0624e1b8","isMergeCommit":true,"messageTitle":"Merge pull request #1 from Gogeta2792/branch-A-Assertions","messageBody":"A-Assertions: Add assert statements to document code assumptions","tags":["A-Assertions"],"fileTypesAndContributionMap":{}},{"hash":"8b41d872d64ffca9c32e1785d517b74f2349d5ba","isMergeCommit":true,"messageTitle":"Merge pull request #2 from Gogeta2792/branch-A-CodeQuality","messageBody":"A-CodeQuality: Refactor code for Code Quality standards","tags":["A-CodeQuality"],"fileTypesAndContributionMap":{}},{"hash":"ea5c397d2f4479790224f73206128d24f29659af","isMergeCommit":true,"messageTitle":"Merge pull request #3 from Gogeta2792/branch-A-Streams","messageBody":"A-Stream: Use Java Streams in TaskList, Storage, Ui and CheerQuotes","tags":["A-Streams"],"fileTypesAndContributionMap":{}}]}]},"authorFileTypeContributionMap":{"Gogeta2792":{"java":1879,"md":150,"txt":34},"Vincent":{"java":577,"md":0,"txt":0}},"authorContributionVariance":{"Gogeta2792":33272.77,"Vincent":35593.445},"authorDisplayNameMap":{"Gogeta2792":"Gogeta2792","Vincent":"Vincent"}}
