{"authorDailyContributionsMap":{"Muzhou-exe":[{"date":"2026-01-30T00:00:00","commitResults":[{"hash":"9cd4a20c07f90b33505e9861aa466667034ab16f","isMergeCommit":false,"messageTitle":"Level-0: rename to PRTS, greet and exit","messageBody":"","tags":["Level-0"],"fileTypesAndContributionMap":{"java":{"insertions":38,"deletions":10},"md":{"insertions":3,"deletions":3}}},{"hash":"3b8988d5d7811f85c387eb231e249da75e0c7844","isMergeCommit":false,"messageTitle":"Level-1: echo user input and exit on bye","messageBody":"","tags":["Level-1"],"fileTypesAndContributionMap":{"java":{"insertions":16,"deletions":1}}},{"hash":"82ec8848de6d8b85afbd4722890380f87997356a","isMergeCommit":false,"messageTitle":"Level-2: add and list tasks","messageBody":"","tags":["Level-2"],"fileTypesAndContributionMap":{"java":{"insertions":18,"deletions":5}}},{"hash":"b455973aadd457b6a7729b4c5a58992da8c23531","isMergeCommit":false,"messageTitle":"Add basic task management commands","messageBody":"Add support for echoing user input and maintaining an in-memory task list.\n\nAllow users to add tasks, list existing tasks, and update task completion\nstatus using mark and unmark commands.\n","tags":["Level-3"],"fileTypesAndContributionMap":{"java":{"insertions":86,"deletions":4}}},{"hash":"bfc05c313f0ffa02053d5af03364b5c4b27c786c","isMergeCommit":false,"messageTitle":"Add todo, deadline and event task types","messageBody":"Introduce separate task types for todos, deadlines, and events.\n\nEach task type stores its own time-related fields and formats its output\naccordingly when listed.\n","tags":["Level-4"],"fileTypesAndContributionMap":{"java":{"insertions":128,"deletions":13}}},{"hash":"882bae4f16d83cafe37dc0a19fe371060fb1b5d6","isMergeCommit":false,"messageTitle":"Normalize text UI output for automated testing","messageBody":"Remove unstable formatting differences in the text UI output.\nThis ensures the program output is deterministic so that automated\ntext-based UI tests can reliably compare expected and actual results.\n","tags":["A-TextUiTesting"],"fileTypesAndContributionMap":{"txt":{"insertions":9,"deletions":0},"java":{"insertions":19,"deletions":23}}},{"hash":"a1d6c93e21280b39c8362420b0360c7d7ef60c83","isMergeCommit":false,"messageTitle":"Add error handling for invalid user inputs","messageBody":"Users can enter unknown commands, malformed task formats, or invalid\ntask indices.\n\nHandle such inputs gracefully without crashing, and provide clear and\nconsistent feedback.\n","tags":["Level-5"],"fileTypesAndContributionMap":{"java":{"insertions":38,"deletions":57}}},{"hash":"402a56c8085b9ea08e25aa3350c0c00ccbc46de4","isMergeCommit":false,"messageTitle":"Add error handling for invalid user inputs","messageBody":"Users can enter unknown commands, malformed task formats, or invalid\ntask indices.\n\nHandle such inputs gracefully without crashing, and provide clear and\nconsistent feedback.\n","fileTypesAndContributionMap":{"java":{"insertions":94,"deletions":28}}}]},{"date":"2026-01-31T00:00:00","commitResults":[{"hash":"4a81fe76df314d3a5bed2a7e388a4677a30e29d4","isMergeCommit":false,"messageTitle":"Add delete command and harden parser/error handling","messageBody":"- Implement `delete \u003cindex\u003e` to remove a task, shift remaining tasks, and update task count feedback.\n- Align add/delete UI messages with the Week 3 examples (Got it... / Noted... + task + count).\n- Enforce strict command keyword matching (require whitespace boundary) to avoid accidental matches.\n- Add error-specific messages for missing/invalid indices and malformed todo/deadline/event inputs.\n- Guard against task array overflow; ignore empty input lines silently.\n","tags":["Level-6"],"fileTypesAndContributionMap":{"java":{"insertions":36,"deletions":6}}}]},{"date":"2026-02-06T00:00:00","commitResults":[{"hash":"356e43555548d84a5d57097511512e71771f0b66","isMergeCommit":false,"messageTitle":"Level-7: add autosave and load from disk","messageBody":"","fileTypesAndContributionMap":{"txt":{"insertions":1,"deletions":0},"java":{"insertions":143,"deletions":1}}},{"hash":"a7c3f420675868c78d08e898930915b18caa5c2f","isMergeCommit":true,"messageTitle":"Merge branch \u0027branch-Level-7\u0027","messageBody":"","tags":["Level-7"],"fileTypesAndContributionMap":{}},{"hash":"de565b998123e40598a370db8e96cb8eeced767b","isMergeCommit":false,"messageTitle":"feat: support parsing and formatting deadline dates","messageBody":"Use LocalDate to parse yyyy-mm-dd for deadlines and format with\nan explicit Locale for month abbreviations. This enables\nLevel-8 functionality for date handling and remains backwards\ncompatible with existing saved files.\n","fileTypesAndContributionMap":{"txt":{"insertions":1,"deletions":0},"java":{"insertions":55,"deletions":11}}},{"hash":"8557eeb3c05323f489c096331dbf107cfe659efb","isMergeCommit":true,"messageTitle":"Merge branch \u0027branch-Level-8\u0027 Integrates Level-8 changes for parsing and formatting deadline dates into the master branch.# Please enter a commit message to explain why this merge is necessary,","messageBody":"","tags":["Level-8"],"fileTypesAndContributionMap":{}},{"hash":"44db2b4be09efb6cac077bc4b922d53b01e08038","isMergeCommit":false,"messageTitle":"refactor: extract ui, storage, parser and task list","messageBody":"","fileTypesAndContributionMap":{"java":{"insertions":603,"deletions":458}}},{"hash":"88493e63059c146afe99838cb7c104c02b6da4b1","isMergeCommit":false,"messageTitle":"refactor: extract UI, storage, parser, and task list classes","messageBody":"Refactors the application to improve separation of concerns by\nmoving user interaction, command parsing, persistence, and task\nmanagement logic into dedicated classes.\n\nThis simplifies the main class and prepares the codebase for\nfurther extensions and testing.\n","fileTypesAndContributionMap":{"java":{"insertions":1,"deletions":0}}},{"hash":"982bf92c04e0b4670bc90c0de0f9cc1cd17d89fc","isMergeCommit":true,"messageTitle":"Merge branch \u0027branch-A-MoreOOP\u0027 # Please enter a commit message to explain why this merge is necessary, # especially if it merges an updated upstream into a topic branch. # # Lines starting with \u0027#\u0027 will be ignored, and an empty message aborts # the commit.","messageBody":"","tags":["A-MoreOOP"],"fileTypesAndContributionMap":{}},{"hash":"c8b83e5ed431e337c0b82088dc5358bfe89dfec3","isMergeCommit":false,"messageTitle":"refactor: organize classes into packages","messageBody":"","fileTypesAndContributionMap":{"java":{"insertions":36,"deletions":0}}},{"hash":"dd380f55c4aecf68dadaca542c4c4814782202a5","isMergeCommit":true,"messageTitle":"Merge branch \u0027branch-A-Packages\u0027","messageBody":"Organizes the codebase into packages to improve structure and\nmaintainability.\nMerge branch \u0027branch-A-Packages\u0027\n","tags":["A-Packages"],"fileTypesAndContributionMap":{}},{"hash":"4756ea0c52722191ab5d934e99b0222ebcbd052b","isMergeCommit":false,"messageTitle":"Add JUnit tests for TaskList, Parser, and Deadline","messageBody":"","fileTypesAndContributionMap":{"java":{"insertions":132,"deletions":0}}},{"hash":"4682143c6c0b3d7b7f05f5f5e38c6fe0575f4d34","isMergeCommit":true,"messageTitle":"Merge branch \u0027branch-A-JUnit\u0027","messageBody":"","tags":["A-JUnit"],"fileTypesAndContributionMap":{}}]},{"date":"2026-02-07T00:00:00","commitResults":[{"hash":"c09414af04eaaf04f5ea40ebc95b95220a2b16a0","isMergeCommit":false,"messageTitle":"Add JavaDoc comments to public classes and methods","messageBody":"","fileTypesAndContributionMap":{"java":{"insertions":89,"deletions":0}}},{"hash":"357b1b749a20a990753f1245cd4fbd08388fa50a","isMergeCommit":false,"messageTitle":"Apply SE-EDU Java coding standard","messageBody":"","fileTypesAndContributionMap":{"java":{"insertions":81,"deletions":66}}},{"hash":"917c2dcd39cfc3025887c75b58a977f77e7b76a3","isMergeCommit":false,"messageTitle":"Add cheer command to show random motivational quotes","messageBody":"","fileTypesAndContributionMap":{"txt":{"insertions":7,"deletions":0},"java":{"insertions":80,"deletions":1}}},{"hash":"da4d00567771a17a3e509bf3397f366bf0c5ee9c","isMergeCommit":true,"messageTitle":"Merge branch \u0027branch-A-JavaDoc\u0027","messageBody":"","tags":["A-JavaDoc"],"fileTypesAndContributionMap":{}},{"hash":"99bee0c01bb14ccdbdf0c698e8336a76e2365fb9","isMergeCommit":true,"messageTitle":"Merge branch \u0027branch-A-CodingStandard\u0027","messageBody":"","tags":["Level-9","A-CodingStandard","A-Cheer"],"fileTypesAndContributionMap":{}},{"hash":"54c0558c18accb575fde9659cbdfcc3d6daa7672","isMergeCommit":true,"messageTitle":"Merge all branches.","messageBody":"","fileTypesAndContributionMap":{}},{"hash":"3c5480ee2c4b9c1ab2ee46c63a4254a706fedd74","isMergeCommit":false,"messageTitle":"Change headers.","messageBody":"","fileTypesAndContributionMap":{"java":{"insertions":3,"deletions":9}}},{"hash":"0cabe6927f1a8986084874f3c6e7eca0cd52932d","isMergeCommit":false,"messageTitle":"Week 4: JavaDoc, coding standard cleanup, Find (Level-9), and Cheer command","messageBody":"- A-JavaDoc: Added JavaDoc to public classes/methods across core components (Parser, ParsedCommand, TaskList, Storage, Ui, tasks).\n- A-CodingStandard: Reformatted codebase to align with SE-EDU Java coding standard (consistent indentation, spacing, imports, braces).\n- Level-9 Find: Implemented `find \u003ckeyword\u003e` parsing and execution:\n  - Added ParsedCommand.Type.FIND and factory method\n  - Parser validates keyword and returns FIND command\n  - TaskList.find() returns matching tasks\n  - Ui prints matching results in list format\n  - PRTS dispatches FIND without mutating storage\n- A-Cheer: Implemented `cheer` command that reads from human-readable text file (data/cheer.txt) and prints a random line:\n  - Added ParsedCommand.Type.CHEER and factory method\n  - Parser recognizes cheer command\n  - Storage loads cheer lines with safe fallback when file missing/empty\n  - Ui prints selected cheer message\n  - PRTS dispatches CHEER without saving tasks\n- Git workflow: Completed work on parallel branches and merged back with tags (A-JavaDoc, A-CodingStandard, Level-9, A-Cheer).\n","fileTypesAndContributionMap":{"java":{"insertions":24,"deletions":13}}}]},{"date":"2026-02-13T00:00:00","commitResults":[{"hash":"968ea1b5e4a508bce905c2854ab6925c52b7c239","isMergeCommit":false,"messageTitle":"refactor: heavy refactoring to address PR feedback and OOP design","messageBody":"This commit performs a comprehensive overhaul of the codebase based on\nreviewer feedback. Key changes include architectural\nimprovements, coding standard compliance, and enhanced robustness.\n\nArchitectural \u0026 OOP Changes:\n- Refactored \u0027Task\u0027 to an \u0027abstract\u0027 class to prevent direct instantiation.\n- Added \u0027abstract String toStorageString()\u0027 method in Task to enforce\n  consistent storage logic across subclasses and resolve ID ambiguity.\n- Renamed \u0027statusIcon()\u0027 to \u0027getStatusIcon()\u0027 and changed visibility to\n  \u0027private\u0027 as it is an internal helper for \u0027toString()\u0027.\n\nCoding Standards \u0026 Formatting:\n- Reordered imports across all files (java.* first, alphabetical order).\n- Relocated Javadoc comments to the correct position (after imports).\n- Renamed TaskList \u0027maxSize\u0027 to \u0027MAX_SIZE\u0027 to follow CONSTANT_CASE.\n- Corrected switch-case indentation in Storage.java Case blocks.\n- Added missing File Headers and method Javadocs for all public APIs.\n\nDefensive Programming \u0026 Logic:\n- Updated TaskList to throw \u0027IllegalStateException\u0027 when full instead\n  of silent failure.\n- Added \u0027throws IllegalArgumentException\u0027 to TaskList::get method signature.\n- Explicitly initialized boolean fields (e.g., isDone \u003d false) in\n  constructors to avoid ambiguity.\n- Standardized error messages in Parser to provide clearer usage guidance.\n\nTesting \u0026 Maintenance:\n- Synchronized JUnit tests (TaskListTest, ParserTest, DeadlineTest)\n  with the updated API and error message strings.\n- Fixed package declaration and imports in DeadlineTest.java.\n- Added \u0027addTask\u0027 as the primary method in TaskList, while maintaining\n  \u0027add\u0027 as an alias for backward compatibility with existing tests.\n","fileTypesAndContributionMap":{"txt":{"insertions":2,"deletions":2},"java":{"insertions":338,"deletions":336}}}]},{"date":"2026-02-14T00:00:00","commitResults":[{"hash":"c066cf4dc2daa00649bbc96ee84ee531c2dfbbcb","isMergeCommit":false,"messageTitle":"Fix the logo.","messageBody":"","fileTypesAndContributionMap":{"java":{"insertions":11,"deletions":12}}},{"hash":"6f58f0bdd7c2b70c155f81a1b235e3f715b88857","isMergeCommit":false,"messageTitle":"[Level-10] Implement JavaFX GUI and refactor Ui for responses","messageBody":"","tags":["Level-10"],"fileTypesAndContributionMap":{"txt":{"insertions":2,"deletions":0},"java":{"insertions":136,"deletions":163}}},{"hash":"3cb30d0785478166c3fe864b4bd6c77e84974501","isMergeCommit":false,"messageTitle":"[A-UnitTesting] Add JUnit tests for Parser, TaskList and Deadline","messageBody":"","tags":["A-UnitTesting"],"fileTypesAndContributionMap":{"java":{"insertions":23,"deletions":1}}}]},{"date":"2026-02-20T00:00:00","commitResults":[{"hash":"1fdf5bf87a413e9cb2c65dfbcacfba3c8f0b13f4","isMergeCommit":false,"messageTitle":"Add assertions for task list invariants","messageBody":"Task operations assume 1-based indices and non-null inputs.\nAdd assertions to document these invariants and catch violations\nearly during development.\n","fileTypesAndContributionMap":{"java":{"insertions":136,"deletions":72}}},{"hash":"f04ff5f3db4e7d5983b42a4a07b0fce2190e7845","isMergeCommit":false,"messageTitle":"Add assertions to document key assumptions","messageBody":"Add Java assert statements in Task, TaskList, and\nParser to document important invariants without\nchanging existing behaviour.\n","fileTypesAndContributionMap":{"java":{"insertions":45,"deletions":108}}},{"hash":"9cdb7289669978360ad5e1c8cfa4a7e28d1492fb","isMergeCommit":false,"messageTitle":"Add assertions to document key assumptions","messageBody":"Add Java assert statements in Task, TaskList, and\nParser to document important invariants without\nchanging existing behaviour.\n","fileTypesAndContributionMap":{"java":{"insertions":1,"deletions":1}}},{"hash":"b3af1fd8a10a02e4af523e272bae137815c8600f","isMergeCommit":false,"messageTitle":"Add assertions to document assumptions","messageBody":"","fileTypesAndContributionMap":{"java":{"insertions":1,"deletions":1}}},{"hash":"c62997a13a3f16eebb2198e6b88175e3afde1406","isMergeCommit":false,"messageTitle":"reverse whole project to wk 5","messageBody":"","fileTypesAndContributionMap":{"java":{"insertions":97,"deletions":97}}},{"hash":"cf474f3392b06b05b8c26f0b36555e2354dbad3d","isMergeCommit":false,"messageTitle":"Add assertions to document key assumptions","messageBody":"Add Java assert statements in Task, TaskList and Parser\nto document important invariants without changing behavior.\n","fileTypesAndContributionMap":{"java":{"insertions":36,"deletions":17}}},{"hash":"4c18cf110767613ed4c5d163ee44f2ff86a2f2b0","isMergeCommit":true,"messageTitle":"Resolve merge conflicts in assertions branch","messageBody":"","fileTypesAndContributionMap":{}},{"hash":"be7fce5e791f548a8e86d7f3167026289d5b9d59","isMergeCommit":false,"messageTitle":"Improve code quality in storage parsing","messageBody":"Refactor Storage to reduce duplication and improve readability\nwithout changing the existing behavior.git add -A\ngit commit\n","fileTypesAndContributionMap":{"java":{"insertions":70,"deletions":55}}},{"hash":"bffef0b835f7bd3299dc6bf1970187780bd35f6b","isMergeCommit":false,"messageTitle":"Use streams to implement find operation","messageBody":"Replace the manual loop in TaskList.find with a Stream-base\nimplementation to improve readability without changing behavior.\n","fileTypesAndContributionMap":{"java":{"insertions":4,"deletions":7}}},{"hash":"c645ddd859819bbede00737748a1753e21c626fd","isMergeCommit":false,"messageTitle":"Add undo command to revert last task change","messageBody":"Store a snapshot before mutating operations and restore the\nprevious task list when undo is requested.\n","fileTypesAndContributionMap":{"java":{"insertions":138,"deletions":57}}}]}],"Muzhou_exe":[{"date":"2026-02-20T00:00:00","commitResults":[{"hash":"b5eae74c0b12719403b74801be25a84b11c62ede","isMergeCommit":true,"messageTitle":"Merge pull request #4 from Muzhou-exe/branch-A-Assertions","messageBody":"Branch a assertions","fileTypesAndContributionMap":{}},{"hash":"532284c37190b863be924b858fff3a2ad2bd6a94","isMergeCommit":true,"messageTitle":"Merge pull request #5 from Muzhou-exe/branch-A-Assertions","messageBody":"Add assertions to document key assumptions","fileTypesAndContributionMap":{}},{"hash":"e38afb9ad6f9e1d2b8116e237cdfca09dbe1bbd4","isMergeCommit":true,"messageTitle":"Merge pull request #6 from Muzhou-exe/branch-A-CodeQuality","messageBody":"Improve code quality in storage parsing","fileTypesAndContributionMap":{}},{"hash":"34a42a86b2ade2cd0e2959cc1452af83c4596290","isMergeCommit":true,"messageTitle":"Merge pull request #7 from Muzhou-exe/branch-A-Streams","messageBody":"Use streams to implement find operation","fileTypesAndContributionMap":{}},{"hash":"9f848f419134b6b1511a49962d5358095b9a72d5","isMergeCommit":true,"messageTitle":"Merge pull request #8 from Muzhou-exe/C-Undo","messageBody":"Add undo command to revert last task change","tags":["C-Undo","A-Streams","A-FullCommitMessage","A-CodeQuality","A-Assertions"],"fileTypesAndContributionMap":{}}]}]},"authorFileTypeContributionMap":{"Muzhou-exe":{"java":1076,"md":3,"txt":20},"Muzhou_exe":{"java":0,"md":0,"txt":0}},"authorContributionVariance":{"Muzhou-exe":71746.08,"Muzhou_exe":0.0},"authorDisplayNameMap":{"Muzhou-exe":"Muzhou-exe","Muzhou_exe":"Muzhou_exe"}}
