{"authorDailyContributionsMap":{"ashley":[{"date":"2026-02-01T00:00:00","commitResults":[{"hash":"8962d235cca5d11642905bfbf5a7fcc5c123d9b8","isMergeCommit":false,"messageTitle":"Add Boba chatbot","messageBody":"","tags":["Level-0"],"fileTypesAndContributionMap":{"java":{"insertions":24,"deletions":10}}},{"hash":"98df3bb396961e956f7d62f64a9385f5f0f05d6e","isMergeCommit":false,"messageTitle":"Add echo functionality","messageBody":"","tags":["Level-1"],"fileTypesAndContributionMap":{"java":{"insertions":24,"deletions":2}}},{"hash":"ffc197bb66cffe016485ea11d79f92f32e026559","isMergeCommit":false,"messageTitle":"Add list functionality","messageBody":"","tags":["Level-2"],"fileTypesAndContributionMap":{"java":{"insertions":17,"deletions":2}}},{"hash":"c399d47e196257eace1c2e070516daed9e766b88","isMergeCommit":false,"messageTitle":"Add mark and unmark functionality","messageBody":"","tags":["Level-3"],"fileTypesAndContributionMap":{"java":{"insertions":17,"deletions":3}}},{"hash":"2c3a108c0f16a4c8a8c1589372c0a576f5ac03ec","isMergeCommit":false,"messageTitle":"Add Todo, Deadline, Event task types","messageBody":"","tags":["Level-4"],"fileTypesAndContributionMap":{"java":{"insertions":99,"deletions":13}}},{"hash":"1ed70366d483f698e3bdfdaa2307b776ba2683a7","isMergeCommit":false,"messageTitle":"Add error handling","messageBody":"","tags":["Level-5"],"fileTypesAndContributionMap":{"java":{"insertions":101,"deletions":43}}},{"hash":"564956192ce1a14ac37df2bcec32a6567660b981","isMergeCommit":false,"messageTitle":"Add delete command","messageBody":"","tags":["Level-6"],"fileTypesAndContributionMap":{"java":{"insertions":20,"deletions":1}}},{"hash":"38ed2a569c1a50f8907cf46924c1c7a9bdf33184","isMergeCommit":false,"messageTitle":"Add automated text UI testing","messageBody":"","tags":["A-TextUiTesting"],"fileTypesAndContributionMap":{"txt":{"insertions":13,"deletions":0}}}]},{"date":"2026-02-07T00:00:00","commitResults":[{"hash":"046ac9d6c6bc6d4e267c6d1eeed19e46dc6fd8a4","isMergeCommit":false,"messageTitle":"Add save and load functionality for tasks","messageBody":"","fileTypesAndContributionMap":{"java":{"insertions":113,"deletions":4}}},{"hash":"3211d869b56c28a74d2fe515cfb0f702233b2ac0","isMergeCommit":true,"messageTitle":"Merge branch \u0027branch-Level-7\u0027","messageBody":"","tags":["Level-7"],"fileTypesAndContributionMap":{}},{"hash":"eb649808c660e6361cc0ae00c2bbe21afb6fece8","isMergeCommit":false,"messageTitle":"Add date parsing for deadlines","messageBody":"","fileTypesAndContributionMap":{"java":{"insertions":30,"deletions":4}}},{"hash":"f2b20cc54c0af5f8275a2cae4cec0db24a50a48c","isMergeCommit":true,"messageTitle":"Merge branch \u0027branch-Level-8\u0027","messageBody":"","tags":["Level-8"],"fileTypesAndContributionMap":{}},{"hash":"30c682eb3a66b383d12d11f4d4f8ed8b7ec98965","isMergeCommit":false,"messageTitle":"Refactor code into OOP classes","messageBody":"","fileTypesAndContributionMap":{"java":{"insertions":286,"deletions":165}}},{"hash":"3069be1a8c3416b9f558e15984ab9418bd1791bb","isMergeCommit":true,"messageTitle":"Merge branch \u0027branch-A-MoreOOP\u0027","messageBody":"","tags":["A-MoreOOP"],"fileTypesAndContributionMap":{}},{"hash":"71885dfeb9c61ee92a1fa079cec93186f5c9515a","isMergeCommit":false,"messageTitle":"Organize classes into boba package","messageBody":"","fileTypesAndContributionMap":{"java":{"insertions":20,"deletions":0}}},{"hash":"e1264adde837ea60fc22d7aa4c74bf381e6a527c","isMergeCommit":true,"messageTitle":"Merge branch \u0027branch-A-Packages\u0027","messageBody":"","tags":["A-Packages"],"fileTypesAndContributionMap":{}}]},{"date":"2026-02-08T00:00:00","commitResults":[{"hash":"5ee4258d4f65cf1cb390afff2501584fe0372f4f","isMergeCommit":false,"messageTitle":"Add JUnit tests for Parser and Deadline classes","messageBody":"","fileTypesAndContributionMap":{"java":{"insertions":198,"deletions":0}}},{"hash":"9433b215efd2d5d4eac018916ecd73e5fce35007","isMergeCommit":true,"messageTitle":"Merge branch \u0027branch-A-JUnit\u0027","messageBody":"","tags":["A-JUnit"],"fileTypesAndContributionMap":{}},{"hash":"ae06c041c4153e56f6d6233e821fe959e88a556f","isMergeCommit":false,"messageTitle":"Ensure code follows coding standard","messageBody":"","fileTypesAndContributionMap":{"java":{"insertions":282,"deletions":0}}},{"hash":"e5c413b967e25d13f7ff81ba8c8ba8735aa87dfb","isMergeCommit":true,"messageTitle":"Merge branch \u0027branch-A-CodingStandard\u0027","messageBody":"","tags":["A-CodingStandard"],"fileTypesAndContributionMap":{}},{"hash":"f0d1c23550b70bcb7305303498e564393c14226e","isMergeCommit":false,"messageTitle":"Add find command to search tasks by keyword","messageBody":"","fileTypesAndContributionMap":{"java":{"insertions":43,"deletions":1}}},{"hash":"8a38078ccaf416ddeec5176a1123e5cd368a2d7d","isMergeCommit":true,"messageTitle":"Merge branch \u0027branch-Level-9\u0027","messageBody":"","tags":["Level-9"],"fileTypesAndContributionMap":{}},{"hash":"8d19602ffcdd05bedea920f6ae56ed526791fa7d","isMergeCommit":false,"messageTitle":"Add cheer command with random motivational quotes","messageBody":"","fileTypesAndContributionMap":{"txt":{"insertions":20,"deletions":0},"java":{"insertions":90,"deletions":1}}},{"hash":"c9d15b0ccaba34af4073cb5cb611f93e73e66fed","isMergeCommit":true,"messageTitle":"Merge branch \u0027branch-A-Cheer\u0027","messageBody":"","tags":["A-JavaDoc","A-Cheer"],"fileTypesAndContributionMap":{}}]},{"date":"2026-02-13T00:00:00","commitResults":[{"hash":"fc682d601e14b29dcebf8d9f5abdc511ec150110","isMergeCommit":false,"messageTitle":"Change switch and case to align","messageBody":"","fileTypesAndContributionMap":{"java":{"insertions":91,"deletions":91}}},{"hash":"8643a2af65050901f7a0f471660ee8995d8597c9","isMergeCommit":false,"messageTitle":"Organize classes into multiple packages","messageBody":"","fileTypesAndContributionMap":{"java":{"insertions":82,"deletions":15}}}]},{"date":"2026-02-14T00:00:00","commitResults":[{"hash":"155a77ef6795b6001ecde7193bf0c1a50899d0f1","isMergeCommit":false,"messageTitle":"Add Checkstyle configuration and fix style violations","messageBody":"","fileTypesAndContributionMap":{"java":{"insertions":12,"deletions":6}}},{"hash":"30f0be17f76153657a06e08d2ff78527cb2b08e2","isMergeCommit":true,"messageTitle":"Merge branch \u0027branch-A-CheckStyle\u0027","messageBody":"","tags":["A-CheckStyle"],"fileTypesAndContributionMap":{}}]},{"date":"2026-02-15T00:00:00","commitResults":[{"hash":"c3bbd0ede0b246c6707baac8c45f9ce3a7733d7d","isMergeCommit":false,"messageTitle":"Add Launcher class","messageBody":"","fileTypesAndContributionMap":{"java":{"insertions":30,"deletions":0}}},{"hash":"2d736019cfbd43217bfe70930c91525f75c77d24","isMergeCommit":false,"messageTitle":"Add DialogBox class and images","messageBody":"","fileTypesAndContributionMap":{"java":{"insertions":135,"deletions":5}}},{"hash":"47a639c92e31dfc366b3ad335408b11ed3f70b02","isMergeCommit":false,"messageTitle":"Update DialogBox class and Boba class","messageBody":"","fileTypesAndContributionMap":{"java":{"insertions":185,"deletions":9}}},{"hash":"1d3f1182997548c72f11486a800abc9f56cd2798","isMergeCommit":false,"messageTitle":"Add MainWindow class and FXML files","messageBody":"","tags":["Level-10"],"fileTypesAndContributionMap":{"java":{"insertions":115,"deletions":122}}}]},{"date":"2026-02-16T00:00:00","commitResults":[{"hash":"cc89fbd12e7229568e80f061eb752a976fa880a3","isMergeCommit":true,"messageTitle":"Merge branch \u0027branch-Level-10\u0027","messageBody":"","fileTypesAndContributionMap":{}},{"hash":"4af6adb8c25d8111c1b1e39b7cad7ece964ef35b","isMergeCommit":false,"messageTitle":"Use varargs","messageBody":"","tags":["A-Varargs"],"fileTypesAndContributionMap":{"java":{"insertions":51,"deletions":18}}},{"hash":"e5a21fc6f927e7f433914509b47504b5eff82ca7","isMergeCommit":false,"messageTitle":"Add unit test","messageBody":"","tags":["A-UnitTesting"],"fileTypesAndContributionMap":{"java":{"insertions":233,"deletions":0}}}]}]},"authorFileTypeContributionMap":{"ashley":{"java":1793,"md":0,"txt":33}},"authorContributionVariance":{"ashley":27652.455},"authorDisplayNameMap":{"ashley":"ashley"}}
