{"authorDailyContributionsMap":{"Zanedoesit":[{"date":"2026-01-29T00:00:00","commitResults":[{"hash":"1ea5c78d7c0f8c67b40a950603ba359e49688e78","isMergeCommit":false,"messageTitle":"Renamed chatbot from Duke to Bob and added Rename,Greet and Exit code","messageBody":"","tags":["Level-0"],"fileTypesAndContributionMap":{"java":{"insertions":24,"deletions":10},"md":{"insertions":3,"deletions":3}}}]},{"date":"2026-01-30T00:00:00","commitResults":[{"hash":"3bfabe063f3fc5de22823bb1b89b6332eb3c7624","isMergeCommit":false,"messageTitle":"Improved skeletal version of Bob so that it echos the user and exits when bye is typed in","messageBody":"","fileTypesAndContributionMap":{"java":{"insertions":18,"deletions":6}}}]},{"date":"2026-01-31T00:00:00","commitResults":[{"hash":"8f2ba6f7462aa688cb88fe68d6ceec429e572319","isMergeCommit":false,"messageTitle":"Improved skeletal version for BOB and now that it echoes and only exits when user enters bye","messageBody":"","tags":["Level-1"],"fileTypesAndContributionMap":{"java":{"insertions":30,"deletions":23}}},{"hash":"5c288ee22ec664273d3fe0cd1aa3f8ffb0ca5a70","isMergeCommit":false,"messageTitle":"Added a storage that lists down users message and displays it back when list is entered","messageBody":"","tags":["Level-2"],"fileTypesAndContributionMap":{"java":{"insertions":21,"deletions":2}}}]},{"date":"2026-02-01T00:00:00","commitResults":[{"hash":"c5d416a1614e84c1c43725cf6bde49fd2fff26ce","isMergeCommit":false,"messageTitle":"Added Mark and unMark as done with the help of Task class","messageBody":"","tags":["Level-3"],"fileTypesAndContributionMap":{"java":{"insertions":64,"deletions":10}}},{"hash":"17bf7e1690a4c10baa6430bd048582436b00fa26","isMergeCommit":false,"messageTitle":"Added ToDo, Deadline and Event files that are extensions of Task to add support tracking","messageBody":"","tags":["Level-4"],"fileTypesAndContributionMap":{"java":{"insertions":103,"deletions":1}}},{"hash":"e0d6beed0715bb9dc2bffc470fc07b350a7fe25e","isMergeCommit":false,"messageTitle":"Added try and catch for errors and checks, including out of range marks and invalid format","messageBody":"","tags":["Level-5"],"fileTypesAndContributionMap":{"java":{"insertions":103,"deletions":44}}},{"hash":"87e82a63cde0bee714507cb8628beb1ee45d97c2","isMergeCommit":false,"messageTitle":"Added delete function to BOB","messageBody":"","tags":["Level-6"],"fileTypesAndContributionMap":{"java":{"insertions":17,"deletions":6}}}]},{"date":"2026-02-02T00:00:00","commitResults":[{"hash":"3a2309ec094e7daac8d7d16a47ab72c7fc22a304","isMergeCommit":false,"messageTitle":"Add Auto text UI testing","messageBody":"","tags":["A-TextUiTesting"],"fileTypesAndContributionMap":{"txt":{"insertions":11,"deletions":0},"java":{"insertions":2,"deletions":2}}}]},{"date":"2026-02-07T00:00:00","commitResults":[{"hash":"66df77e0afcad1b971bece15b703846f99b072bc","isMergeCommit":false,"messageTitle":"Implement Level-7: Add storage and file handling","messageBody":"","fileTypesAndContributionMap":{"txt":{"insertions":2,"deletions":0},"java":{"insertions":184,"deletions":60}}},{"hash":"26520e73794e5c00715039a84f31d98697e6d2f4","isMergeCommit":true,"messageTitle":"Merge branch \u0027branch-Level-7\u0027 Merge branch-Level-7: Implement Level-7 save and persistent storage","messageBody":"","tags":["Level-7"],"fileTypesAndContributionMap":{}}]},{"date":"2026-02-08T00:00:00","commitResults":[{"hash":"6a299296163d48b3ad6efbc2a70df1bc3ffaf877","isMergeCommit":false,"messageTitle":"Implement Level-8: Add date/time with LocalDate","messageBody":"","fileTypesAndContributionMap":{"txt":{"insertions":0,"deletions":2},"java":{"insertions":87,"deletions":37}}},{"hash":"cf8a68933bcb0811da55a39620c1c06f65edc795","isMergeCommit":true,"messageTitle":"Merge branch-Level-8: Implement Level-8 date/time support","messageBody":"","tags":["Level-8"],"fileTypesAndContributionMap":{}},{"hash":"e24593d4e168fa58b15e208eeb84aba980e4c5d5","isMergeCommit":false,"messageTitle":"Organise classes into one package","messageBody":"","fileTypesAndContributionMap":{"java":{"insertions":86,"deletions":0}}}]},{"date":"2026-02-09T00:00:00","commitResults":[{"hash":"a1726b7a27ccdeaff28209136e830ae2d60cb64a","isMergeCommit":false,"messageTitle":"Refactor code to use OOP principles","messageBody":"","fileTypesAndContributionMap":{"java":{"insertions":242,"deletions":210}}},{"hash":"ca5729b0d990ca76fd879880d59b5746e59b4615","isMergeCommit":true,"messageTitle":"Merge branch \u0027branch-A-MoreOOP\u0027","messageBody":"","tags":["A-MoreOOP"],"fileTypesAndContributionMap":{}},{"hash":"8880a8384d5e7ad7460bae02d9b5ed15905bea48","isMergeCommit":false,"messageTitle":"Organise classes into package","messageBody":"","tags":["A-Packages"],"fileTypesAndContributionMap":{"java":{"insertions":36,"deletions":22},"md":{"insertions":3,"deletions":3}}},{"hash":"cf3b678238c86010826976317961743a53a1f73a","isMergeCommit":false,"messageTitle":"Set up Gradle build","messageBody":"","tags":["A-Gradle"],"fileTypesAndContributionMap":{"txt":{"insertions":0,"deletions":0}}},{"hash":"338c58dfc2b86f2776d90b4b122e7660972f1f94","isMergeCommit":false,"messageTitle":"Add JUnit tests","messageBody":"","tags":["A-JUnit"],"fileTypesAndContributionMap":{"java":{"insertions":8,"deletions":0}}},{"hash":"bfc3d0a34f0c302436f0e5705764e8b19821d5f1","isMergeCommit":false,"messageTitle":"Package the app as an executable JAR file","messageBody":"","tags":["A-Jar"],"fileTypesAndContributionMap":{"java":{"insertions":48,"deletions":2}}}]},{"date":"2026-02-13T00:00:00","commitResults":[{"hash":"11e6115cee0f0d7c0dea76d5cc28c5e1c3aeccbb","isMergeCommit":false,"messageTitle":"Add JavaDoc comments to all major classes and methods","messageBody":"","fileTypesAndContributionMap":{"java":{"insertions":301,"deletions":71}}},{"hash":"fa84eeea4ef8c70fe77f7c5db0fe64cdb5ed0e4e","isMergeCommit":true,"messageTitle":"Merge branch-A-JavaDoc: Add JavaDoc documentation","messageBody":"","tags":["A-JavaDoc"],"fileTypesAndContributionMap":{}}]},{"date":"2026-02-15T00:00:00","commitResults":[{"hash":"3d60369d7caa40a73afe64ad4809d3871029f030","isMergeCommit":false,"messageTitle":"Tweak code to comply with coding standard","messageBody":"","fileTypesAndContributionMap":{"java":{"insertions":61,"deletions":82},"md":{"insertions":3,"deletions":3}}},{"hash":"bc5d608989bab81a18a79404b127d3a845cbfed5","isMergeCommit":true,"messageTitle":"Merge branch \u0027branch-A-CodingStandard\u0027","messageBody":"","tags":["A-CodingStandard"],"fileTypesAndContributionMap":{}},{"hash":"de6990af75e7e842d66fc5f27cc1bde49124b014","isMergeCommit":false,"messageTitle":"Add find feature to search for keywords","messageBody":"","fileTypesAndContributionMap":{"txt":{"insertions":0,"deletions":0},"java":{"insertions":52,"deletions":1}}},{"hash":"508babed246d54f8b8a8da12c459ee7ee40509ab","isMergeCommit":true,"messageTitle":"Merge branch \u0027branch-Level-9\u0027","messageBody":"","tags":["Level-9"],"fileTypesAndContributionMap":{}},{"hash":"5d08b62fe627547ae3f3080789c5303bd264d235","isMergeCommit":false,"messageTitle":"Add random motivational quote when cheer is typed","messageBody":"","fileTypesAndContributionMap":{"txt":{"insertions":5,"deletions":0},"java":{"insertions":64,"deletions":1}}},{"hash":"eb13f0333fa807fd8ff4b064735fc7ec8c0b3b8a","isMergeCommit":true,"messageTitle":"Merge branch \u0027branch-A-Cheer\u0027","messageBody":"","tags":["A-Cheer"],"fileTypesAndContributionMap":{}}]},{"date":"2026-02-21T00:00:00","commitResults":[{"hash":"61c1dd580aa4b343ad7e7ee660c51811879ff744","isMergeCommit":false,"messageTitle":"Add Level-10 GUI to chatbot","messageBody":"","fileTypesAndContributionMap":{"java":{"insertions":440,"deletions":21}}},{"hash":"e7bed046ab61e3721d5b65cb4d88981786aecbc9","isMergeCommit":true,"messageTitle":"Merge branch \u0027branch-Level-10\u0027","messageBody":"","tags":["Level-10"],"fileTypesAndContributionMap":{}}]},{"date":"2026-02-23T00:00:00","commitResults":[{"hash":"2ea29b8c77d07a40c998c74fe537d6020a274f12","isMergeCommit":false,"messageTitle":"Add positive and negative test case","messageBody":"","fileTypesAndContributionMap":{"java":{"insertions":31,"deletions":0}}},{"hash":"be05f71101c0fa468720db031a90975335a92d25","isMergeCommit":true,"messageTitle":"Merge branch \u0027branch-A-UnitTesting\u0027","messageBody":"","tags":["A-UnitTesting"],"fileTypesAndContributionMap":{}}]}]},"authorFileTypeContributionMap":{"Zanedoesit":{"java":1421,"md":3,"txt":16}},"authorContributionVariance":{"Zanedoesit":15887.987},"authorDisplayNameMap":{"Zanedoesit":"Zanedoesit"}}
