{"authorDailyContributionsMap":{"chucksupasi":[{"date":"2026-02-27T00:00:00","commitResults":[{"hash":"8432908cf8708093b40ac180b1aeb9752083e93e","isMergeCommit":false,"messageTitle":"Rename to Echo and add initial chatbot greeting","messageBody":"","tags":["Level-0"],"fileTypesAndContributionMap":{"java":{"insertions":7,"deletions":10},"md":{"insertions":3,"deletions":3}}},{"hash":"842231814a2e73090da517c1952f4a92383883e7","isMergeCommit":false,"messageTitle":"Add echo feature","messageBody":"","tags":["Level-1"],"fileTypesAndContributionMap":{"java":{"insertions":15,"deletions":2}}}]}]},"authorFileTypeContributionMap":{"chucksupasi":{"java":20,"md":3,"txt":0}},"authorContributionVariance":{"chucksupasi":27.110582},"authorDisplayNameMap":{"chucksupasi":"chucksupasi"}}
