{"authorDailyContributionsMap":{"Poon Wei Xuan":[{"date":"2026-01-27T00:00:00","commitResults":[{"hash":"39fa92dcbc6dfb9185271a4a30ccbbe3a44c82f1","isMergeCommit":false,"messageTitle":"Rename chatbot","messageBody":"","fileTypesAndContributionMap":{"java":{"insertions":6,"deletions":10}}},{"hash":"3d5d76f08db9458600a1b1ed13047efbb9ec8480","isMergeCommit":false,"messageTitle":"Implement basic greeting and exit","messageBody":"","tags":["Level-0"],"fileTypesAndContributionMap":{"java":{"insertions":6,"deletions":0}}},{"hash":"12f70ae810ff106a83f078003c0838dc7e135f69","isMergeCommit":false,"messageTitle":"Implement echo using scanner","messageBody":"","tags":["Level-1"],"fileTypesAndContributionMap":{"java":{"insertions":20,"deletions":6}}},{"hash":"297d29b799c75a6427c3a5c202594839642014ab","isMergeCommit":false,"messageTitle":"Make repeated line string a constant","messageBody":"","fileTypesAndContributionMap":{"java":{"insertions":7,"deletions":6}}},{"hash":"c19bf5632a29a62d1984ebdda34537a0b44d4fde","isMergeCommit":false,"messageTitle":"Implement add and list functionality","messageBody":"","tags":["Level-2"],"fileTypesAndContributionMap":{"java":{"insertions":17,"deletions":6}}}]},{"date":"2026-01-28T00:00:00","commitResults":[{"hash":"4c40aac8e55b578e69ddf9309ca4d619a1ab350c","isMergeCommit":false,"messageTitle":"Add Task.java","messageBody":"","fileTypesAndContributionMap":{"java":{"insertions":24,"deletions":0}}},{"hash":"2d1361bcdb76ea30aa0796b63341c1952d03a46b","isMergeCommit":false,"messageTitle":"Implement ability to mark tasks as done and undone","messageBody":"","tags":["Level-3"],"fileTypesAndContributionMap":{"java":{"insertions":23,"deletions":4}}},{"hash":"21021dc7c7fea82ac63216942a1f07bb09f12d71","isMergeCommit":false,"messageTitle":"Implement getters for task name and done status","messageBody":"","fileTypesAndContributionMap":{"java":{"insertions":8,"deletions":0}}},{"hash":"4abba9ae376a0a17e61a52cac506857a64239cb1","isMergeCommit":false,"messageTitle":"Add ToDo, Deadline, and Event subclasses","messageBody":"","fileTypesAndContributionMap":{"java":{"insertions":45,"deletions":1}}}]},{"date":"2026-01-29T00:00:00","commitResults":[{"hash":"2335a4a5910f3eb53b444d6a0283538600dd4f48","isMergeCommit":false,"messageTitle":"Add support for tracking ToDo, Event, and Deadline tasks","messageBody":"","fileTypesAndContributionMap":{"java":{"insertions":33,"deletions":1}}},{"hash":"74155c580bfa569b12a5c655185577ce0d150c79","isMergeCommit":false,"messageTitle":"Refactor Dill by extracting helper functions","messageBody":"","tags":["Level-4"],"fileTypesAndContributionMap":{"java":{"insertions":87,"deletions":66}}},{"hash":"2c61df4fd687850e5ca98157fd308d3e06189a13","isMergeCommit":false,"messageTitle":"Implement Automated Text UI Testing through level4","messageBody":"","tags":["A-TextUiTesting"],"fileTypesAndContributionMap":{"txt":{"insertions":28,"deletions":0},"java":{"insertions":1,"deletions":1}}},{"hash":"61fabb6097bc5b6405ca4edb1b0582f58dac1669","isMergeCommit":false,"messageTitle":"Refactor Task (and its subclasses)","messageBody":"Modify Task to be an abstract class and remove helper function addTask\nfrom Dill. Chatbot recognise three types of\ntasks instead of four (remove generic Task fallback when a task does not\nfall into todo, deadline, or event).\n\nMake subclasses of Task use super.toString() to reduce code duplication. Remove redundant getter functions from Task (getIsDone,\ngetTaskName) as a result.\n","fileTypesAndContributionMap":{"java":{"insertions":5,"deletions":27}}}]},{"date":"2026-01-31T00:00:00","commitResults":[{"hash":"e2e7e1c028e51b016bb1172224773747a1087b8d","isMergeCommit":false,"messageTitle":"Implement error handling and add help command","messageBody":"","fileTypesAndContributionMap":{"java":{"insertions":98,"deletions":29}}},{"hash":"10857e4510627404a2ea20f3ea7d73296638d390","isMergeCommit":false,"messageTitle":"Fix typo in output message","messageBody":"","fileTypesAndContributionMap":{"java":{"insertions":3,"deletions":3}}},{"hash":"fe21d8e2a75c9e4b232d5fd6de08fd9f88e630c0","isMergeCommit":false,"messageTitle":"Update A-TextUiTest","messageBody":"","tags":["Level-5"],"fileTypesAndContributionMap":{"txt":{"insertions":17,"deletions":13}}},{"hash":"f67dd3f2e1218079b8854195b00e7e35dce58308","isMergeCommit":false,"messageTitle":"Implement ability to delete tasks","messageBody":"","tags":["Level-6"],"fileTypesAndContributionMap":{"txt":{"insertions":8,"deletions":1},"java":{"insertions":18,"deletions":0}}},{"hash":"52a92d46a38e5778f9636daea9acb71d3d3a28f6","isMergeCommit":false,"messageTitle":"Refactor command extraction using enums","messageBody":"","tags":["A-Enums"],"fileTypesAndContributionMap":{"java":{"insertions":44,"deletions":9}}}]},{"date":"2026-02-02T00:00:00","commitResults":[{"hash":"7912981f3a1b348bf55bbb69f1a6ec622a46e531","isMergeCommit":false,"messageTitle":"Implement toFileString method for saving tasks","messageBody":"","fileTypesAndContributionMap":{"java":{"insertions":19,"deletions":0}}}]},{"date":"2026-02-05T00:00:00","commitResults":[{"hash":"5ad70798c16c8e6b5ad3ccec2c5af5683b804e36","isMergeCommit":false,"messageTitle":"Implement save functionality","messageBody":"","fileTypesAndContributionMap":{"java":{"insertions":65,"deletions":0}}},{"hash":"843fc6639f8204ef8dc1885d35c332a6885bf04b","isMergeCommit":true,"messageTitle":"Merge branch \u0027branch-Level-7\u0027","messageBody":"","tags":["Level-7"],"fileTypesAndContributionMap":{}},{"hash":"c193cf798da3c02d2adbc8ea96df450e7b320b36","isMergeCommit":false,"messageTitle":"Implement ability to convert date formats","messageBody":"","fileTypesAndContributionMap":{"txt":{"insertions":3,"deletions":1},"java":{"insertions":41,"deletions":25}}},{"hash":"1dae94901ad6941df72a4f3d4ceffe9c1425b452","isMergeCommit":true,"messageTitle":"Merge branch \u0027branch-Level-8\u0027","messageBody":"","tags":["Level-8"],"fileTypesAndContributionMap":{}}]},{"date":"2026-02-07T00:00:00","commitResults":[{"hash":"a002fec6a82550cbe67429098fb0c255bd02dbe1","isMergeCommit":false,"messageTitle":"Add command files","messageBody":"","fileTypesAndContributionMap":{"java":{"insertions":90,"deletions":2}}}]},{"date":"2026-02-08T00:00:00","commitResults":[{"hash":"73a03489cdca3f2e6598fc9a0d3e65277a8fa421","isMergeCommit":false,"messageTitle":"Implement A-MoreOOP","messageBody":"","tags":["A-MoreOOP"],"fileTypesAndContributionMap":{"java":{"insertions":399,"deletions":310}}},{"hash":"e3ed486a637bdb286cee52ce70b6ffe604e0d6e9","isMergeCommit":true,"messageTitle":"Merge branch \u0027branch-A-MoreOOP\u0027","messageBody":"","fileTypesAndContributionMap":{}},{"hash":"21876df98022f9c9d43a7300ed270a4c05cf9c25","isMergeCommit":false,"messageTitle":"Implement A-Packages","messageBody":"","tags":["A-Packages"],"fileTypesAndContributionMap":{"java":{"insertions":111,"deletions":2}}},{"hash":"e42eff657712910fe0df2151ea37c949c12448b4","isMergeCommit":true,"messageTitle":"Merge branch \u0027branch-A-Packages\u0027","messageBody":"","fileTypesAndContributionMap":{}},{"hash":"811e2144b9e68c9eff011bec96f032a3eefd3eda","isMergeCommit":false,"messageTitle":"Add TaskList JUnit tests","messageBody":"","fileTypesAndContributionMap":{"java":{"insertions":43,"deletions":0}}},{"hash":"a10a11f713e7d72d1ea7399a235dde5bd74500b2","isMergeCommit":false,"messageTitle":"Add Storage JUnit tests","messageBody":"","fileTypesAndContributionMap":{"java":{"insertions":52,"deletions":0}}},{"hash":"5051254f8350ea842bef554954445b68fc5ac8ed","isMergeCommit":false,"messageTitle":"Rename variables and reorganize imports for readability","messageBody":"","tags":["A-Jar"],"fileTypesAndContributionMap":{"java":{"insertions":37,"deletions":37}}},{"hash":"638d3e69bac6b904e1e228d261a51b519999be2b","isMergeCommit":false,"messageTitle":"Add Javadoc for dill, tasks, ui, parser, storage","messageBody":"","fileTypesAndContributionMap":{"java":{"insertions":216,"deletions":7}}},{"hash":"014f5f950f91b46cbe1aa864dddd5446e9b8c42b","isMergeCommit":false,"messageTitle":"Add JavaDoc for exceptions","messageBody":"","fileTypesAndContributionMap":{"java":{"insertions":13,"deletions":0}}}]},{"date":"2026-02-09T00:00:00","commitResults":[{"hash":"78dccbf35bb7ad1007b20a6e15bd88fdb089ba5a","isMergeCommit":false,"messageTitle":"Add JavaDoc for commands","messageBody":"","fileTypesAndContributionMap":{"java":{"insertions":112,"deletions":1}}},{"hash":"6d40e4244498d406453b26ca935745e007611898","isMergeCommit":false,"messageTitle":"Update JavaDoc comments","messageBody":"","fileTypesAndContributionMap":{"java":{"insertions":2,"deletions":3}}},{"hash":"d0747b958e8901700638e8cfc1bacccfee5626f4","isMergeCommit":false,"messageTitle":"Rename related constants to have a common prefix","messageBody":"","fileTypesAndContributionMap":{"java":{"insertions":6,"deletions":6}}},{"hash":"9b5a5977be716f695b3207dc47d71f6489e83cd8","isMergeCommit":false,"messageTitle":"Fix line wrapping and indentations","messageBody":"","fileTypesAndContributionMap":{"java":{"insertions":23,"deletions":24}}},{"hash":"4b80123e3bcb4dfc031e8f317260c3f893908bcd","isMergeCommit":false,"messageTitle":"Reorder import statements","messageBody":"","fileTypesAndContributionMap":{"java":{"insertions":4,"deletions":4}}},{"hash":"8e33fa2a1431397bdc8d21778a52aec4043787b1","isMergeCommit":false,"messageTitle":"Rename boolean setter methods to use \"set\" prefix","messageBody":"","fileTypesAndContributionMap":{"java":{"insertions":5,"deletions":5}}},{"hash":"f1c983c292a77c1d8a2cf5b06b8b4f8e24939145","isMergeCommit":false,"messageTitle":"Implement find functionality","messageBody":"","fileTypesAndContributionMap":{"java":{"insertions":56,"deletions":15}}},{"hash":"e30f443e47e184fe4dfd36c7a3d69cddf84fc832","isMergeCommit":false,"messageTitle":"Implement cheer functionality","messageBody":"","fileTypesAndContributionMap":{"java":{"insertions":112,"deletions":35}}},{"hash":"726b3ed4947605c41969cd9e895194bca4e5052e","isMergeCommit":true,"messageTitle":"Merge branch \u0027branch-A-JavaDoc\u0027","messageBody":"","tags":["A-JavaDoc"],"fileTypesAndContributionMap":{}},{"hash":"6e0edfb461f241c48d660a16be17c5a79cbeb491","isMergeCommit":true,"messageTitle":"Merge branch \u0027branch-A-CodingStandard\u0027","messageBody":"","tags":["A-CodingStandard"],"fileTypesAndContributionMap":{}},{"hash":"e622dfd962f9382c4dc8713ab6ec6a287ff6904b","isMergeCommit":true,"messageTitle":"Merge branch \u0027branch-Level-9\u0027","messageBody":"","tags":["Level-9"],"fileTypesAndContributionMap":{}},{"hash":"946aa416f704b2eda2115116871de62e1c81ceef","isMergeCommit":true,"messageTitle":"Merge branch \u0027branch-A-Cheer\u0027","messageBody":"","tags":["A-Cheer"],"fileTypesAndContributionMap":{}},{"hash":"f5219c89aeb4e5c4e4366b85144d7d5021cace8c","isMergeCommit":false,"messageTitle":"Update help message","messageBody":"","fileTypesAndContributionMap":{"java":{"insertions":3,"deletions":1}}},{"hash":"bafd82efe3cb93949ec047692cc120809e809c87","isMergeCommit":false,"messageTitle":"Update JavaDoc","messageBody":"","fileTypesAndContributionMap":{"java":{"insertions":1,"deletions":0}}},{"hash":"fb67cfe77730a6d09ad9384e240fbc26f8de6c8f","isMergeCommit":false,"messageTitle":"Add missing delete command in help message","messageBody":"","fileTypesAndContributionMap":{"java":{"insertions":1,"deletions":0}}}]},{"date":"2026-02-11T00:00:00","commitResults":[{"hash":"2ac2ee2005e48726b9a74f35eebdea953643709b","isMergeCommit":false,"messageTitle":"Fix checkstyle violations in junit tests","messageBody":"","fileTypesAndContributionMap":{"java":{"insertions":18,"deletions":15}}},{"hash":"c98882a091608a00e6f8f0977624f5a65f772384","isMergeCommit":false,"messageTitle":"Fix checkstyle violations for command files","messageBody":"","fileTypesAndContributionMap":{"java":{"insertions":64,"deletions":36}}},{"hash":"5a9d7ef2333b3c752b6e3c978779684c262596d7","isMergeCommit":false,"messageTitle":"Fix checkstyle violations for all other files","messageBody":"","fileTypesAndContributionMap":{"java":{"insertions":60,"deletions":38}}},{"hash":"5d1f48bc870bb11780a1e70084bc8bbeac3e2075","isMergeCommit":true,"messageTitle":"Merge branch \u0027branch-A-Checkstyle\u0027","messageBody":"","tags":["A-CheckStyle"],"fileTypesAndContributionMap":{}},{"hash":"bb2408f2961764e8d9ad20921b6400989250f26c","isMergeCommit":false,"messageTitle":"Refactor ui to use varargs for displaying messages","messageBody":"","fileTypesAndContributionMap":{"java":{"insertions":77,"deletions":74}}},{"hash":"ebc3745edb08464f0d34e1120710dec5d4372b1c","isMergeCommit":true,"messageTitle":"Merge branch \u0027branch-A-Varargs\u0027","messageBody":"","tags":["A-Varargs"],"fileTypesAndContributionMap":{}}]},{"date":"2026-02-13T00:00:00","commitResults":[{"hash":"574fd73469dfbba2ed4d12f0ce1a82fecb2ae6da","isMergeCommit":false,"messageTitle":"Edit javadoc comments","messageBody":"","fileTypesAndContributionMap":{"java":{"insertions":2,"deletions":2}}}]},{"date":"2026-02-15T00:00:00","commitResults":[{"hash":"e5551fefecc6f9df9e4220256f1e9f2b468db588","isMergeCommit":false,"messageTitle":"Implement javafx gui","messageBody":"","fileTypesAndContributionMap":{"java":{"insertions":354,"deletions":177}}},{"hash":"3a053c21896c01e3645d061515766882376212c2","isMergeCommit":false,"messageTitle":"Add more unit tests for storage and tasklist","messageBody":"","fileTypesAndContributionMap":{"java":{"insertions":87,"deletions":9}}},{"hash":"5dc9b0e6f78f5ff78c94286fec3e0d069a74b413","isMergeCommit":true,"messageTitle":"Merge branch \u0027branch-Level-10\u0027","messageBody":"","tags":["Level-10"],"fileTypesAndContributionMap":{}},{"hash":"4e160a90362461274833f16c8cb8738e5f97f04e","isMergeCommit":true,"messageTitle":"Merge branch \u0027branch-A-UnitTesting\u0027","messageBody":"","tags":["A-UnitTesting"],"fileTypesAndContributionMap":{}},{"hash":"bad969b7d2176a3cd75d3c73f4f030da345435ad","isMergeCommit":false,"messageTitle":"Clean up imports","messageBody":"","fileTypesAndContributionMap":{"java":{"insertions":0,"deletions":2}}}]},{"date":"2026-02-16T00:00:00","commitResults":[{"hash":"3095672426e3efbf382b172a50242eab286822d9","isMergeCommit":false,"messageTitle":"Update help message to include bye command","messageBody":"","fileTypesAndContributionMap":{"java":{"insertions":2,"deletions":1}}},{"hash":"cadd4f53d97ff39bb04976f5ac0a7261733448ad","isMergeCommit":false,"messageTitle":"Rename cli package to text-ui","messageBody":"","fileTypesAndContributionMap":{"java":{"insertions":2,"deletions":3}}},{"hash":"039cd3e4f082896fe1f148f49b40ccbeab112704","isMergeCommit":false,"messageTitle":"Fix error messages","messageBody":"","fileTypesAndContributionMap":{"java":{"insertions":3,"deletions":3}}},{"hash":"29b90564d9e5bdeab0f945d2907e831f77805cd5","isMergeCommit":false,"messageTitle":"Implement loading default quote list if none given","messageBody":"","fileTypesAndContributionMap":{"java":{"insertions":66,"deletions":25}}},{"hash":"25ff5eb3c8782ca513b0309d3df1b7f310babc36","isMergeCommit":false,"messageTitle":"Extract loading logic from constructor","messageBody":"","fileTypesAndContributionMap":{"java":{"insertions":28,"deletions":18}}},{"hash":"23d13eb462c4a57a391bc175f3950213bf39d6da","isMergeCommit":false,"messageTitle":"Update help message","messageBody":"","fileTypesAndContributionMap":{"java":{"insertions":23,"deletions":11}}},{"hash":"ee97d1da5c40d2e50f5b75cd841fbba9eb8d2265","isMergeCommit":false,"messageTitle":"Move string formatting to list and find commands","messageBody":"","fileTypesAndContributionMap":{"java":{"insertions":59,"deletions":22}}},{"hash":"118ddf56714cbf4c33181ac5c56af058a3552c91","isMergeCommit":false,"messageTitle":"Extract string constants from cmds to uimessages","messageBody":"","fileTypesAndContributionMap":{"java":{"insertions":64,"deletions":25}}},{"hash":"7c499e22053544922c2383ad8615199a93a8c23c","isMergeCommit":false,"messageTitle":"Fix formatting","messageBody":"","fileTypesAndContributionMap":{"java":{"insertions":28,"deletions":28}}},{"hash":"ea895ac9c82cb6a2be3556ea4a52d8c5fd7afbba","isMergeCommit":false,"messageTitle":"Implement custom text bubbles and font","messageBody":"","fileTypesAndContributionMap":{"java":{"insertions":18,"deletions":1}}},{"hash":"5c755b17c4da1f412bd458ab4f9feba106006de5","isMergeCommit":false,"messageTitle":"Fix extra trailing newline characters","messageBody":"","fileTypesAndContributionMap":{"java":{"insertions":6,"deletions":6}}}]},{"date":"2026-02-17T00:00:00","commitResults":[{"hash":"aeee823a31158ed20202adbeff7a0cd7f47da349","isMergeCommit":false,"messageTitle":"Implement corrupted file detection and handling","messageBody":"","fileTypesAndContributionMap":{"java":{"insertions":72,"deletions":23}}},{"hash":"4dfd49cebd2f564e13a44a0337e40777fdc6315b","isMergeCommit":false,"messageTitle":"Update error messages","messageBody":"","fileTypesAndContributionMap":{"java":{"insertions":27,"deletions":18}}}]},{"date":"2026-02-18T00:00:00","commitResults":[{"hash":"a12819a6ca0db3bd72a1a15781fc2db027620b5d","isMergeCommit":false,"messageTitle":"Fix checkstyle errors","messageBody":"","fileTypesAndContributionMap":{"java":{"insertions":31,"deletions":26}}},{"hash":"c51983c7b76d71b39b0be256a42e0d7cbd3e7bfb","isMergeCommit":false,"messageTitle":"Refactor parser command format check","messageBody":"","fileTypesAndContributionMap":{"java":{"insertions":75,"deletions":84}}},{"hash":"0920b9fd49ef27954e1aacfd22c6543f822d6175","isMergeCommit":true,"messageTitle":"Merge branch \u0027refactor-parser\u0027","messageBody":"","fileTypesAndContributionMap":{}},{"hash":"cfc4bcfc037f2791fe9b701cc1493c984695475a","isMergeCommit":false,"messageTitle":"Implement view command","messageBody":"","fileTypesAndContributionMap":{"java":{"insertions":125,"deletions":35}}},{"hash":"ddad241f431cdc1e6f92a3861eba97af9ff016c4","isMergeCommit":false,"messageTitle":"Update help message","messageBody":"","fileTypesAndContributionMap":{"java":{"insertions":12,"deletions":12}}},{"hash":"e06d5da83e89d38c6bb9729a6f371b73f95496ae","isMergeCommit":false,"messageTitle":"Add assertions","messageBody":"","fileTypesAndContributionMap":{"java":{"insertions":10,"deletions":1}}}]},{"date":"2026-02-19T00:00:00","commitResults":[{"hash":"040e38141bfae7ecc1c0eabc8ab0a954e4d1a813","isMergeCommit":false,"messageTitle":"Add more assertions to core components","messageBody":"Integrate assertions into Dill, Deadline, Event, and Tasklist\nclasses to document important assumptions and verify invariants.\n\n- Add null checks in Dill constructor during initialization.\n- Verify LocalDate argument is not null for isOccuringOn() in deadline\nand Event classes.\n- Add null checks in TaskList constructor during initialization\n- Check input task is not null for addTask(), markTask(), unmarkTask()\nand deleteTask() in Task class.\n\nThese assertions ensure that errors are caught early during\ndevelopment when running with the -ea flag.\n","fileTypesAndContributionMap":{"java":{"insertions":15,"deletions":2}}},{"hash":"f9d2c747df5f7aa7b75b48fa7caf3766039b67ff","isMergeCommit":false,"messageTitle":"Refactor core classes for code quality","messageBody":"Storage and Parser classes use many magic numbers and strings. Several\nmethods within these classes are also unnecessarily long.\n\nFixing these magic variables as constants and keeping methods short\nimproves readability and maintainability.\n\n- Defined constants for delimiters, statuses, lengths, and indexes in\n  Storage.\n- Defined constants for indexes and split limits in Parser.\n- Defined a task type constant in ToDo, Deadline, and Event classes.\n- Ensured methods are kept within 30 loc as much as possible.\n","tags":["A-FullCommitMessage"],"fileTypesAndContributionMap":{"java":{"insertions":106,"deletions":81}}},{"hash":"920038ed78cdacfbaeb7ca39d0ed4f07c5d02502","isMergeCommit":false,"messageTitle":"Fix typo in javadoc comment","messageBody":"","fileTypesAndContributionMap":{"java":{"insertions":2,"deletions":2}}},{"hash":"ec723a2954f3f2ba15797dc31652da6fd4a9c544","isMergeCommit":false,"messageTitle":"Refactor filterByName() in TaskList to use Streams","messageBody":"filterByName() uses an imperative for-loop to iterate through the\ntasklist, finding matches, and adding them to a new ArrayList.\n\nA declarative stream approach is more concise and improves code\nreadability by focusing on the filtering logic rather than\ncollection.\n","fileTypesAndContributionMap":{"java":{"insertions":5,"deletions":8}}},{"hash":"eb5037af60757c43c3da28484e677c7280b6472f","isMergeCommit":true,"messageTitle":"Merge branch \u0027master\u0027 into branch-A-CodeQuality","messageBody":"","fileTypesAndContributionMap":{}},{"hash":"fd42c0493092d2c5f056ffc0afee2b18f076af93","isMergeCommit":true,"messageTitle":"Merge branch \u0027master\u0027 into branch-A-Streams","messageBody":"","fileTypesAndContributionMap":{}},{"hash":"8aa8d96828638a5e823aa52f13179a5af42b898d","isMergeCommit":true,"messageTitle":"Merge branch \u0027master\u0027 into branch-A-Streams","messageBody":"","fileTypesAndContributionMap":{}},{"hash":"c6862200f1477388e2af6f2cf67a0679862b277d","isMergeCommit":true,"messageTitle":"Merge branch \u0027master\u0027 of https://github.com/nus-cs2103de-ay2526s2/duke","messageBody":"","tags":["A-CI"],"fileTypesAndContributionMap":{}},{"hash":"891990ec41181142c7a247e3bdab1e279170c471","isMergeCommit":false,"messageTitle":"Fix checkstyle line wraps and imports","messageBody":"","fileTypesAndContributionMap":{"java":{"insertions":5,"deletions":3}}}]},{"date":"2026-02-20T00:00:00","commitResults":[{"hash":"67d59ce1de995d7342739b3fa8305890010098ec","isMergeCommit":false,"messageTitle":"Update gui start up window size","messageBody":"","fileTypesAndContributionMap":{"java":{"insertions":1,"deletions":1}}}]},{"date":"2026-02-21T00:00:00","commitResults":[{"hash":"0e752adfa330ab1aa992778ca2ed3d9c7c1e870c","isMergeCommit":false,"messageTitle":"Implement update functionality","messageBody":"","fileTypesAndContributionMap":{"java":{"insertions":215,"deletions":28}}},{"hash":"6633d8f7f90b051e6de4d1f27a1e310ef570f9ed","isMergeCommit":false,"messageTitle":"Implement clone functionality","messageBody":"","fileTypesAndContributionMap":{"java":{"insertions":84,"deletions":9}}},{"hash":"ff73f8c4dc7f742c269d837c0079df5595d8ebd2","isMergeCommit":true,"messageTitle":"Merge branch \u0027branch-C-Update\u0027","messageBody":"","tags":["BCD-Extension"],"fileTypesAndContributionMap":{}},{"hash":"e01d248fc41169765a27a2fabbd3db5cbea035e5","isMergeCommit":false,"messageTitle":"Refactor parser update command validation","messageBody":"Reduce length of validateUpdate() to less than 30 loc, improving\nreadability and maintability.\n\n- Created class UpdateFields to store requested field values.\n- Extracted parseTaskId(), parseDate(), and setUpdateFields\nhelper methods.\n","fileTypesAndContributionMap":{"java":{"insertions":146,"deletions":122}}},{"hash":"56900bbacacef76fe0c0e7720ed2a5f7aa5a7484","isMergeCommit":false,"messageTitle":"Fix checkstyle violations and add Javadoc comments","messageBody":"","fileTypesAndContributionMap":{"java":{"insertions":393,"deletions":31}}}]},{"date":"2026-02-22T00:00:00","commitResults":[{"hash":"3102e6dc0a3510b3341f2d415c88db37ca3ca7c2","isMergeCommit":false,"messageTitle":"Update Javadoc","messageBody":"","fileTypesAndContributionMap":{"java":{"insertions":2,"deletions":3}}}]},{"date":"2026-02-23T00:00:00","commitResults":[{"hash":"fb90199bb3e0540418a67b1a5dfee1a63882db94","isMergeCommit":false,"messageTitle":"Add javadoc for exception constructors","messageBody":"","fileTypesAndContributionMap":{"java":{"insertions":31,"deletions":1}}}]}],"weixuan01":[{"date":"2026-02-19T00:00:00","commitResults":[{"hash":"954c48d4c5d1130c9832389fb395d0f0b5ce5843","isMergeCommit":true,"messageTitle":"Merge pull request #1 from weixuan01/branch-A-Assertions","messageBody":"Add assertions","tags":["A-Assertions"],"fileTypesAndContributionMap":{}},{"hash":"23de435d3f35fd0ce6663a5dd59cb1a3a908e0c1","isMergeCommit":true,"messageTitle":"Merge pull request #2 from weixuan01/branch-A-CodeQuality","messageBody":"Refactor core classes for code quality","tags":["A-CodeQuality"],"fileTypesAndContributionMap":{}},{"hash":"ee5f39df8c3c9a3817fa531d9192ca8f8110120c","isMergeCommit":true,"messageTitle":"Merge pull request #3 from weixuan01/branch-A-Streams","messageBody":"Implement streams","tags":["A-Streams"],"fileTypesAndContributionMap":{}}]}]},"authorFileTypeContributionMap":{"Poon Wei Xuan":{"java":2583,"md":0,"txt":41},"weixuan01":{"java":0,"md":0,"txt":0}},"authorContributionVariance":{"Poon Wei Xuan":60062.984,"weixuan01":0.0},"authorDisplayNameMap":{"Poon Wei Xuan":"Poon Wei Xuan","weixuan01":"weixuan01"}}
