{"authorDailyContributionsMap":{"Justin Adrian Halim":[{"date":"2026-01-30T00:00:00","commitResults":[{"hash":"57c14beb7c8a78d1ed2e0105fb3842d6403bf22f","isMergeCommit":false,"messageTitle":"Level-0, copied from my other repo (I previously forgot to change to the account i listed in the canvas) https://github.com/JustinAdrianHalim/ip","messageBody":"","tags":["Level-0"],"fileTypesAndContributionMap":{"txt":{"insertions":28,"deletions":0},"java":{"insertions":8,"deletions":10}}},{"hash":"9e9316e0ba058b918fc7cb91858c42489e1256a9","isMergeCommit":false,"messageTitle":"Revert \"Level-0, copied from my other repo (I previously forgot to change to the account i listed in the canvas) https://github.com/JustinAdrianHalim/ip\"","messageBody":"This reverts commit 57c14beb7c8a78d1ed2e0105fb3842d6403bf22f.\n","fileTypesAndContributionMap":{"txt":{"insertions":0,"deletions":28},"java":{"insertions":10,"deletions":8}}},{"hash":"a7518a8d2eda3d7ba9021fa1c647e3e0d3258d58","isMergeCommit":false,"messageTitle":"Level-1","messageBody":"","tags":["Level-1"],"fileTypesAndContributionMap":{"txt":{"insertions":28,"deletions":0},"java":{"insertions":27,"deletions":10}}},{"hash":"95cde882d29adcdc688c179163eb3d386d45b936","isMergeCommit":false,"messageTitle":"Level-2","messageBody":"","tags":["Level-2"],"fileTypesAndContributionMap":{"java":{"insertions":15,"deletions":4}}},{"hash":"3e9d45202f7bb611387fbbd1349af3e004dfb52e","isMergeCommit":false,"messageTitle":"Level-3","messageBody":"","tags":["Level-3"],"fileTypesAndContributionMap":{"java":{"insertions":44,"deletions":11}}},{"hash":"4dc31162edf12df8862b132058173c737dbc99fd","isMergeCommit":false,"messageTitle":"Level-4","messageBody":"","tags":["Level-4"],"fileTypesAndContributionMap":{"java":{"insertions":62,"deletions":4}}},{"hash":"8682d8ddf353e9b9bb494750ef62eacc0d78b1f3","isMergeCommit":false,"messageTitle":"Level-5","messageBody":"","tags":["Level-5"],"fileTypesAndContributionMap":{"java":{"insertions":33,"deletions":1}}},{"hash":"0ad1a11f7391f49cb1f9b128a43bebc5d05f033b","isMergeCommit":false,"messageTitle":"Level-6","messageBody":"","tags":["Level-6","A-TextUiTesting","A-Enums"],"fileTypesAndContributionMap":{"java":{"insertions":49,"deletions":18}}}]},{"date":"2026-02-08T00:00:00","commitResults":[{"hash":"5a4ffeafab2f99d43b81b58b599bd896c7b374ec","isMergeCommit":false,"messageTitle":"Testing if branch is working","messageBody":"","fileTypesAndContributionMap":{"java":{"insertions":1,"deletions":0}}},{"hash":"c3575f9e4c2d22cc037dc800fa5011df44ac7eee","isMergeCommit":false,"messageTitle":"Level-7","messageBody":"","tags":["Level-7"],"fileTypesAndContributionMap":{"java":{"insertions":177,"deletions":5}}},{"hash":"0263a248ca908863f3b6716bf7d8ed7bde14f281","isMergeCommit":false,"messageTitle":"minor addition","messageBody":"","fileTypesAndContributionMap":{"java":{"insertions":3,"deletions":1}}},{"hash":"31d60e95951ce72fcc0d58286cc84c189c9b775a","isMergeCommit":false,"messageTitle":"A-MoreOOP","messageBody":"","tags":["A-MoreOOP"],"fileTypesAndContributionMap":{"txt":{"insertions":1,"deletions":0},"java":{"insertions":206,"deletions":203}}}]},{"date":"2026-02-09T00:00:00","commitResults":[{"hash":"c3aa8b50f5778cef1542a3aebee446b80c36a083","isMergeCommit":false,"messageTitle":"Level-8","messageBody":"","tags":["Level-8"],"fileTypesAndContributionMap":{"txt":{"insertions":0,"deletions":1},"java":{"insertions":208,"deletions":179}}},{"hash":"75e2fcacc2599dc81dce051020b28817b8c97fb3","isMergeCommit":false,"messageTitle":"removed a single space","messageBody":"","fileTypesAndContributionMap":{"java":{"insertions":0,"deletions":1}}},{"hash":"a59ede10accb056f11bfaff303b8b66f6b3afab4","isMergeCommit":false,"messageTitle":"A-JavaDoc","messageBody":"","tags":["A-JavaDoc"],"fileTypesAndContributionMap":{"java":{"insertions":27,"deletions":7}}},{"hash":"d1de2005953a34badba6a51301859a03b8dc47f3","isMergeCommit":false,"messageTitle":"A-CodingStandard","messageBody":"","tags":["A-CodingStandard"],"fileTypesAndContributionMap":{"java":{"insertions":37,"deletions":26}}},{"hash":"e31fdfac45477e6f6715ec373bdb02172a0e4d71","isMergeCommit":false,"messageTitle":"A-Cheer","messageBody":"","tags":["A-Cheer"],"fileTypesAndContributionMap":{"java":{"insertions":26,"deletions":1}}},{"hash":"f12f09580e315c569bfeef149eedab1e591f7501","isMergeCommit":false,"messageTitle":"Level-9","messageBody":"","tags":["Level-9"],"fileTypesAndContributionMap":{"txt":{"insertions":1,"deletions":0},"java":{"insertions":31,"deletions":2}}},{"hash":"64e1f83a02ef74692ba9a96a6f9dc0c109dbba15","isMergeCommit":true,"messageTitle":"Merge branch \u0027branch-A-CodingStandard\u0027","messageBody":"# Conflicts:\n#\tsrc/main/java/Lilith.java\n","fileTypesAndContributionMap":{}},{"hash":"ab0bb291aaa8b2050b7a951f2b9750b61d0792ba","isMergeCommit":true,"messageTitle":"Merge branch \u0027branch-A-JavaDoc\u0027","messageBody":"# Conflicts:\n#\tsrc/main/java/Lilith.java\n","fileTypesAndContributionMap":{}},{"hash":"1a0552f6a4f0d453e96df54f84a399e489ff0e15","isMergeCommit":true,"messageTitle":"Merge branch \u0027branch-Level-9\u0027","messageBody":"# Conflicts:\n#\tsrc/main/java/Lilith.java\n","fileTypesAndContributionMap":{}},{"hash":"3e69f7d1298227890c5a39c2a065d9f110ed47bc","isMergeCommit":false,"messageTitle":"Cleaning code","messageBody":"","fileTypesAndContributionMap":{"txt":{"insertions":0,"deletions":1},"java":{"insertions":60,"deletions":40}}},{"hash":"5aa52ddb83ac2c211effc02fc1d66bfa40fe9a9f","isMergeCommit":false,"messageTitle":"Refactoring into packages. Not fully clean yet, so more work is needed to reduce dependencies of the packages.","messageBody":"","tags":["A-Packages"],"fileTypesAndContributionMap":{"java":{"insertions":22,"deletions":5}}}]},{"date":"2026-02-15T00:00:00","commitResults":[{"hash":"39566b9d63a61fa653e46f28933f6cc63be7d0df","isMergeCommit":false,"messageTitle":"cleaning JavaDocs","messageBody":"","fileTypesAndContributionMap":{"java":{"insertions":52,"deletions":26}}},{"hash":"4d5860dd510ab60eaa839dfcd81b5ed9a917bb80","isMergeCommit":false,"messageTitle":"added junit test with StorageTest.java and TaskTest.java","messageBody":"","tags":["A-JUnit"],"fileTypesAndContributionMap":{"txt":{"insertions":2,"deletions":0},"java":{"insertions":66,"deletions":0}}},{"hash":"0f0c0132e81b3e6833c8430f6e7ee9b0ba0fe882","isMergeCommit":false,"messageTitle":"Format Task.fromFileString switch-case indentation Format Task.toString switch-case indentation","messageBody":"","fileTypesAndContributionMap":{"java":{"insertions":27,"deletions":30}}},{"hash":"921d87ea7d0ee1fdf53d0f151eefd9ee1271ff0b","isMergeCommit":false,"messageTitle":"Added Checklist to Gradle. Address Checklist errors for Lilith.java, Storage.java, Task.java, and Parser.java Address Checklist errors for StorageTest.java and TaskTest.java","messageBody":"","tags":["A-CheckStyle"],"fileTypesAndContributionMap":{"java":{"insertions":368,"deletions":183}}},{"hash":"8734d01003f99e1d291269ca43c3eff3314db6a8","isMergeCommit":false,"messageTitle":"Refactor project structure for GUI support: - Refactor Lilith.java to serve as JavaFX main app (GUI) while moving command line input (CLI) logic to LilithCli.java - Add Command.java to centralize command handling for both CLI and GUI - Introduce Config.java to store constants like data path, cheer link, and command strings - Update build.gradle: add JavaFX dependencies and set mainClass to lilith.Launcher - LilithCli.java handles CLI interactions using the same backend as GUI","messageBody":"","tags":["Level-10"],"fileTypesAndContributionMap":{"java":{"insertions":322,"deletions":204}}},{"hash":"66dfb13c96fd11d7369993053b4be5b92452e999","isMergeCommit":true,"messageTitle":"Merge branch \u0027branch-A-CheckStyle\u0027","messageBody":"","fileTypesAndContributionMap":{}}]},{"date":"2026-02-16T00:00:00","commitResults":[{"hash":"33a0e5d6b319a2259a2dcc65bb97aff928302fde","isMergeCommit":false,"messageTitle":"Added CommandTest for unit testing with positive and negative scenarios. Refactor Command.handle to use trimmed and lowercase input for comparisons Changed JavaDocs description in Lilith.start","messageBody":"","tags":["A-UnitTesting"],"fileTypesAndContributionMap":{"txt":{"insertions":1,"deletions":0},"java":{"insertions":143,"deletions":63}}},{"hash":"b263ec94ac9f494961950657ceca2d4334d911bb","isMergeCommit":false,"messageTitle":"Update printToDialog method to accept varargs and append multiple lines to TextArea","messageBody":"","tags":["A-Varargs"],"fileTypesAndContributionMap":{"java":{"insertions":7,"deletions":4}}},{"hash":"e07bfacb379393dcbc1a5cfbed1460b903f8e0d7","isMergeCommit":true,"messageTitle":"Merge branch \u0027branch-A-Varargs\u0027","messageBody":"","fileTypesAndContributionMap":{}},{"hash":"ac64e8fb6b4bbb6e0477367c7486c0b9645ad486","isMergeCommit":false,"messageTitle":"Removed a comment line on Lilith.java","messageBody":"","fileTypesAndContributionMap":{"java":{"insertions":1,"deletions":4}}}]},{"date":"2026-02-17T00:00:00","commitResults":[{"hash":"4997282db3b916e67849dcbf9658aa2846895ab0","isMergeCommit":false,"messageTitle":"Added Assertions on Command.java to assert that userinput, tasklist, and storage is not null. Added Assertions on Command.java to assert the number of parts returned from parser when handling deadlines and events. Added exceptions to openCheerLink() in Command.java Removed .toString in Lilith.java when creating storage object, since DATA_PATH is already a string Added a JavaDoc line in Config.java.","messageBody":"","fileTypesAndContributionMap":{"java":{"insertions":26,"deletions":12}}},{"hash":"fb9ce18b05347ad63072c60ff73e0bbf7854b099","isMergeCommit":false,"messageTitle":"Edited the assertions on the parts.length for deadline and event. This is to ensure that parser returns the correct number of parts.","messageBody":"","fileTypesAndContributionMap":{"java":{"insertions":2,"deletions":0}}},{"hash":"53cb6480bf68c9bfe74b9463deb2e53dd4f03ac8","isMergeCommit":false,"messageTitle":"Changed variable name in Task.setTask() from input to taskTypeInput Added assertions in Task.toFileString() as tasktype should not be null when this function is called. Moreover, inside the tasktype switch, assertion is added since the default case should not be possible.","messageBody":"","tags":["A-FullCommitMessage"],"fileTypesAndContributionMap":{"java":{"insertions":6,"deletions":3}}},{"hash":"43028ff9d6434e348024d597f822f6fcfed108f4","isMergeCommit":false,"messageTitle":"Refactor Command.Java to make it more readable. Command.handle() now uses switch-cases and helper functions for most commands.","messageBody":"","fileTypesAndContributionMap":{"java":{"insertions":225,"deletions":103}}}]},{"date":"2026-02-18T00:00:00","commitResults":[{"hash":"d844eba3b4331cbe72497b627c16cf3357fffda2","isMergeCommit":false,"messageTitle":"Refactor Task.java by adding formatDetail() for output handling. It replaces the old formattedStart and formattedEnd with Parser.formatDateTime, which already parses the output. Removed startDateTime and endDateTime variables, since Command.java already handles parsing the input times.","messageBody":"","fileTypesAndContributionMap":{"java":{"insertions":39,"deletions":39}}},{"hash":"9c3c334d0b4a79e6bade740aa705de6ef4c1e827","isMergeCommit":false,"messageTitle":"Refactor Command.java and Storage.javato use stream, saving code for readability","messageBody":"","fileTypesAndContributionMap":{"java":{"insertions":33,"deletions":17}}},{"hash":"ff3c3a3af701d5c5e2ae7eb1eb92262c9265276a","isMergeCommit":true,"messageTitle":"Merge pull request #1 from Astatyr/branch-A-Assertions","messageBody":"A-Assertions: Use assert feature","tags":["A-Assertions"],"fileTypesAndContributionMap":{}},{"hash":"a6ed22846f1b03439ce4f81e09f56186a1953204","isMergeCommit":true,"messageTitle":"Merge branch \u0027master\u0027 into branch-A-CodeQuality","messageBody":"","fileTypesAndContributionMap":{}},{"hash":"a0158fa12da1f4d4f4a7c061e1dcaf639121ee43","isMergeCommit":true,"messageTitle":"Merge branch \u0027master\u0027 into branch-A-Streams","messageBody":"","fileTypesAndContributionMap":{}},{"hash":"9dd95ab7dcf5d3f253e25f71e817cfdb7152f4f5","isMergeCommit":true,"messageTitle":"Merge pull request #2 from Astatyr/branch-A-CodeQuality","messageBody":"A code quality: Critically examines the code and refactor","tags":["A-CodeQuality"],"fileTypesAndContributionMap":{}},{"hash":"a510a59f69a95b7bdc41de29a37beba92b0c793a","isMergeCommit":true,"messageTitle":"Merge branch \u0027master\u0027 into branch-A-Streams","messageBody":"","fileTypesAndContributionMap":{}},{"hash":"29bb92def21da72b721a74511bda9a36f81b1cba","isMergeCommit":true,"messageTitle":"Merge pull request #3 from Astatyr/branch-A-Streams","messageBody":"A-Streams: Use Streams","tags":["A-Streams"],"fileTypesAndContributionMap":{}}]}]},"authorFileTypeContributionMap":{"Justin Adrian Halim":{"java":1132,"md":0,"txt":31}},"authorContributionVariance":{"Justin Adrian Halim":51857.24},"authorDisplayNameMap":{"Justin Adrian Halim":"Justin Adrian Halim"}}
