{"authorDailyContributionsMap":{"YeowChunSiang":[{"date":"2026-01-28T00:00:00","commitResults":[{"hash":"b2874cd542ab974c976d43776aa111f53cf61d2f","isMergeCommit":false,"messageTitle":"Rename to Listo and add greet/exit","messageBody":"","tags":["Level-0"],"fileTypesAndContributionMap":{"java":{"insertions":9,"deletions":10},"md":{"insertions":3,"deletions":3}}},{"hash":"590ff64bfb9e4786d97e2139c7323672c344d149","isMergeCommit":false,"messageTitle":"Add echo feature and bye command","messageBody":"","tags":["Level-1"],"fileTypesAndContributionMap":{"java":{"insertions":14,"deletions":1}}},{"hash":"29b0eacb91c83f285dd8bab80bd48a2095ab2ed9","isMergeCommit":false,"messageTitle":"Add list and add commands","messageBody":"","tags":["Level-2"],"fileTypesAndContributionMap":{"java":{"insertions":13,"deletions":2}}},{"hash":"09a85ca38d71abd56490a631b181c450b84f412c","isMergeCommit":false,"messageTitle":"Add Task class and mark/unmark commands","messageBody":"","tags":["Level-3"],"fileTypesAndContributionMap":{"java":{"insertions":49,"deletions":7}}},{"hash":"c611597ff251167077709320402b7207dbb28d00","isMergeCommit":false,"messageTitle":"Add Todo, Deadline and Event task types","messageBody":"","tags":["Level-4"],"fileTypesAndContributionMap":{"java":{"insertions":72,"deletions":6}}}]},{"date":"2026-01-30T00:00:00","commitResults":[{"hash":"a9a8cf3cd84d579e7ed8a4ab6ecbbe1a7d09b310","isMergeCommit":false,"messageTitle":"Add comments to Task.java, Todo.java, Deadline.java, Event.java","messageBody":"","fileTypesAndContributionMap":{"java":{"insertions":50,"deletions":0}}},{"hash":"6967d316505f405f7cb5299170fb323caaadd034","isMergeCommit":false,"messageTitle":"Add ListoException.java, TaskList.java","messageBody":"","fileTypesAndContributionMap":{"java":{"insertions":40,"deletions":6}}},{"hash":"54858753ccf8846c7aeea445c7e0385d194225a9","isMergeCommit":false,"messageTitle":"Add Parser.java, Ui.java and clean Listo.java","messageBody":"","tags":["Level-5"],"fileTypesAndContributionMap":{"java":{"insertions":234,"deletions":63}}},{"hash":"61e015377c684befe92a8068b4e1d6ec63a984cf","isMergeCommit":false,"messageTitle":"Implement delete functionality","messageBody":"","tags":["Level-6"],"fileTypesAndContributionMap":{"java":{"insertions":40,"deletions":0}}},{"hash":"8268c2e5b7cc5105d0db9c97da51262c9a4aeea4","isMergeCommit":false,"messageTitle":"Implement use of Enum for command processing","messageBody":"","tags":["A-Enums"],"fileTypesAndContributionMap":{"java":{"insertions":78,"deletions":27}}},{"hash":"c2cb53c528a04da6e60ebbdfcf31d04e1be55533","isMergeCommit":false,"messageTitle":"Add input.txt, EXPECTED.txt","messageBody":"","tags":["A-TextUiTesting"],"fileTypesAndContributionMap":{"txt":{"insertions":11,"deletions":0}}}]},{"date":"2026-02-02T00:00:00","commitResults":[{"hash":"f00e5fd535f47a24dbb84250f481d511cbdce851","isMergeCommit":false,"messageTitle":"Update Task.java, Todo.java, Deadline.java, Event.java","messageBody":"","fileTypesAndContributionMap":{"java":{"insertions":23,"deletions":0}}},{"hash":"1e461bedfec3bac0b67ef8e813f86c92a2b8b329","isMergeCommit":false,"messageTitle":"Add Storage.java","messageBody":"","fileTypesAndContributionMap":{"java":{"insertions":88,"deletions":2}}},{"hash":"baeb74fd94079003f5a2be2e985001d0e1da0beb","isMergeCommit":false,"messageTitle":"Update Listo.java","messageBody":"","fileTypesAndContributionMap":{"java":{"insertions":16,"deletions":1}}},{"hash":"fbad8f2c4c2965d057ed859edb1b907cb844cf5b","isMergeCommit":true,"messageTitle":"Merge branch \u0027branch-Level-7\u0027","messageBody":"","tags":["Level-7"],"fileTypesAndContributionMap":{}}]},{"date":"2026-02-04T00:00:00","commitResults":[{"hash":"15e4310d4046440706a09d167566dc92d8ef750c","isMergeCommit":false,"messageTitle":"Add header comments Task.java, Ui.java, TaskList.java, Todo.java, Deadline.java, Event.java","messageBody":"","fileTypesAndContributionMap":{"java":{"insertions":149,"deletions":0}}},{"hash":"3ce765e4a9745569b7f338787e2830c3dd4efd20","isMergeCommit":false,"messageTitle":"Add date and time Deadline.java","messageBody":"","fileTypesAndContributionMap":{"java":{"insertions":33,"deletions":23}}},{"hash":"77c82f09daa5aa39eab999b0d9c66f45e703c6db","isMergeCommit":false,"messageTitle":"Add filter command for Deadline tasks","messageBody":"","fileTypesAndContributionMap":{"java":{"insertions":94,"deletions":0}}},{"hash":"e484e2808b5b19182f28cffce7a31c94c58995be","isMergeCommit":true,"messageTitle":"Merge branch \u0027branch-Level-8\u0027","messageBody":"","tags":["Level-8"],"fileTypesAndContributionMap":{}},{"hash":"90fd416080caaa4fb7d1a51e090dd96b98a227b0","isMergeCommit":false,"messageTitle":"Refactor Listo to use instance methods for better OOP","messageBody":"","fileTypesAndContributionMap":{"java":{"insertions":30,"deletions":18}}},{"hash":"019b29b23579a9174f1da9e1a24923c5f712679d","isMergeCommit":true,"messageTitle":"Merge branch \u0027branch-A-MoreOOP\u0027","messageBody":"","tags":["A-MoreOOP"],"fileTypesAndContributionMap":{}},{"hash":"2aa973f4910e40553ef43ac3f866f74ba6370d93","isMergeCommit":false,"messageTitle":"Refactor: Organize classes into packages","messageBody":"","fileTypesAndContributionMap":{"java":{"insertions":76,"deletions":46}}},{"hash":"c54b2c25e00811f1c0bd1bfa786363e6263b3143","isMergeCommit":true,"messageTitle":"Merge branch \u0027branch-A-Packages\u0027","messageBody":"","tags":["A-Packages"],"fileTypesAndContributionMap":{}}]},{"date":"2026-02-05T00:00:00","commitResults":[{"hash":"0d33c65cf146f2599c1cc56b2f02fa0b04170729","isMergeCommit":false,"messageTitle":"Setup Gradle and fix package imports","messageBody":"","tags":["A-Gradle"],"fileTypesAndContributionMap":{"java":{"insertions":17,"deletions":2},"md":{"insertions":5,"deletions":5}}},{"hash":"73d127b31dae413f6b5c8b82df81b8df261c3a54","isMergeCommit":false,"messageTitle":"Add JUnit tests for Parser, Task, TaskList, Todo, Deadline, Event","messageBody":"","fileTypesAndContributionMap":{"java":{"insertions":140,"deletions":0}}},{"hash":"d57b5a34a661f1e1847074c9ad269c96100234d0","isMergeCommit":true,"messageTitle":"Merge branch \u0027branch-A-JUnit\u0027","messageBody":"","tags":["A-JUnit"],"fileTypesAndContributionMap":{}},{"hash":"39b853752f8594b9d2ddd16811373bb6f45b0a00","isMergeCommit":false,"messageTitle":"Add Jar file","messageBody":"","fileTypesAndContributionMap":{"java":{"insertions":2,"deletions":2}}},{"hash":"c4b99901d6b3a277e35c1806a7e49dd901d6c1ff","isMergeCommit":true,"messageTitle":"Merge branch \u0027branch-A-Jar\u0027","messageBody":"","tags":["A-Jar"],"fileTypesAndContributionMap":{}},{"hash":"be3561f3aaccb22e69cf25ce49db5b3bc648490f","isMergeCommit":false,"messageTitle":"Add missing Javadocs","messageBody":"","fileTypesAndContributionMap":{"java":{"insertions":37,"deletions":4}}},{"hash":"89dba37ad4335dfa5f79d1b56aa3934817460396","isMergeCommit":true,"messageTitle":"Merge branch \u0027branch-A-JavaDoc\u0027","messageBody":"","tags":["A-JavaDoc"],"fileTypesAndContributionMap":{}},{"hash":"5c342a27d71a51518bed2aa25a8172e7c489bfe5","isMergeCommit":false,"messageTitle":"Fix Coding Standards","messageBody":"","fileTypesAndContributionMap":{"java":{"insertions":29,"deletions":15}}},{"hash":"aa3e74d7c6c3ef2ca26971bca57b2da44df0a5bd","isMergeCommit":true,"messageTitle":"Merge branch \u0027branch-A-CodingStandard\u0027","messageBody":"","tags":["A-CodingStandard"],"fileTypesAndContributionMap":{}},{"hash":"40dc535c7867f38f9975119b13df7319dfba8a44","isMergeCommit":false,"messageTitle":"Add find command to search tasks by keyword","messageBody":"","fileTypesAndContributionMap":{"java":{"insertions":60,"deletions":0}}},{"hash":"c53757c380c309b870a13ef31f43a77e3a8430c2","isMergeCommit":true,"messageTitle":"Merge branch \u0027branch-Level-9\u0027","messageBody":"","tags":["Level-9"],"fileTypesAndContributionMap":{}},{"hash":"b40497f1a135e9eb81b884c2f76df32235a33b51","isMergeCommit":false,"messageTitle":"Implement cheer command to show random quotes","messageBody":"","fileTypesAndContributionMap":{"java":{"insertions":46,"deletions":0}}},{"hash":"3a721c9d4d633ce7926025a8fd68409152cb2dd3","isMergeCommit":true,"messageTitle":"Merge branch \u0027branch-A-Cheer\u0027","messageBody":"","tags":["A-Cheer"],"fileTypesAndContributionMap":{}}]},{"date":"2026-02-09T00:00:00","commitResults":[{"hash":"9a9dc981fdcd52bfd23f6e8cf210f54cb91cb79e","isMergeCommit":false,"messageTitle":"Update build.gradle","messageBody":"","fileTypesAndContributionMap":{"java":{"insertions":8,"deletions":0}}},{"hash":"b64eb537011952c11a886c02aec1299fa320a6ee","isMergeCommit":false,"messageTitle":"Add Launcher.java, DialogBox.java, src/main/resources/","messageBody":"","fileTypesAndContributionMap":{"java":{"insertions":99,"deletions":3}}},{"hash":"94802d8396f05e27d052fc96851ad8b3f7970ddb","isMergeCommit":false,"messageTitle":"Update Listo.java","messageBody":"","fileTypesAndContributionMap":{"java":{"insertions":163,"deletions":36}}},{"hash":"6160bc069729098e858bf2a52ff57e028b50f52b","isMergeCommit":true,"messageTitle":"Merge branch \u0027branch-Level-10\u0027","messageBody":"","tags":["Level-10"],"fileTypesAndContributionMap":{}}]},{"date":"2026-02-10T00:00:00","commitResults":[{"hash":"73e496b8677c5459a6c9e1acceb07c5e37b63729","isMergeCommit":false,"messageTitle":"Fix violations using checkstyle.xml","messageBody":"","fileTypesAndContributionMap":{"java":{"insertions":0,"deletions":1}}},{"hash":"c88ba0d1ba55e24b909d58652b95c6ebb814d7d3","isMergeCommit":true,"messageTitle":"Merge branch \u0027branch-A-CheckStyle\u0027","messageBody":"","tags":["A-CheckStyle"],"fileTypesAndContributionMap":{}},{"hash":"cc9441ef73d75aa53c4af5b5297ffb547b675683","isMergeCommit":false,"messageTitle":"Use varargs for Ui.showToUser method","messageBody":"","fileTypesAndContributionMap":{"java":{"insertions":58,"deletions":59}}},{"hash":"42a9927f0dc709d1609365d363c7e905f9daec65","isMergeCommit":true,"messageTitle":"Merge branch \u0027branch-A-Varargs\u0027","messageBody":"","tags":["A-Varargs"],"fileTypesAndContributionMap":{}},{"hash":"e2edae528b1140becf5948ae0b9332297ff4bb5b","isMergeCommit":false,"messageTitle":"Add tests for Storage and Parser","messageBody":"","fileTypesAndContributionMap":{"java":{"insertions":145,"deletions":64}}},{"hash":"dd5971da418ab044db07ad8443892c2ed63435b5","isMergeCommit":true,"messageTitle":"Merge branch \u0027branch-A-UnitTesting\u0027","messageBody":"","tags":["A-UnitTesting"],"fileTypesAndContributionMap":{}}]},{"date":"2026-02-16T00:00:00","commitResults":[{"hash":"c0740a4524e2168439a9b6ab603c4a40f651012a","isMergeCommit":false,"messageTitle":"A-Assertions: Add assertions to Storage and TaskList","messageBody":"","tags":["A-Assertions"],"fileTypesAndContributionMap":{"java":{"insertions":2,"deletions":1}}},{"hash":"c367cb3c8c4a716b688787c72376e53a892f3fd7","isMergeCommit":false,"messageTitle":"A-CodeQuality: Update Parser.java, Deadline.java","messageBody":"","tags":["A-CodeQuality"],"fileTypesAndContributionMap":{"java":{"insertions":133,"deletions":163}}},{"hash":"d1676f4f751e408664cb4b4586c512d833cff5f0","isMergeCommit":false,"messageTitle":"A-Streams: Use Java Streams for filtering tasks","messageBody":"","tags":["A-Streams"],"fileTypesAndContributionMap":{"java":{"insertions":25,"deletions":33}}},{"hash":"33ff1c6b4271283f08546f3d9f3f4964d9bd8c1b","isMergeCommit":true,"messageTitle":"Merge branch \u0027master\u0027 into branch-A-CodeQuality","messageBody":"","fileTypesAndContributionMap":{}},{"hash":"bd54316b375f974b9f9dc31d8dca28adaf32b7c2","isMergeCommit":true,"messageTitle":"Merge master into A-Streams: Resolve conflict by keeping assertions and streams","messageBody":"","fileTypesAndContributionMap":{}},{"hash":"a4a51ec71cdb18867b99405f49c3a7a5f862207a","isMergeCommit":false,"messageTitle":"Fix tests to match implementation strings","messageBody":"","fileTypesAndContributionMap":{"java":{"insertions":2,"deletions":2}}},{"hash":"99dd78799e4bcbbde5e99e2a4b5caae0aec1f950","isMergeCommit":false,"messageTitle":"Fix CheckStyle violation in ParserTest","messageBody":"","tags":["A-CI"],"fileTypesAndContributionMap":{"java":{"insertions":2,"deletions":1}}}]},{"date":"2026-02-19T00:00:00","commitResults":[{"hash":"b56b8ecb5d48cfb3fa4fd52bcfdcc69b62376d9b","isMergeCommit":false,"messageTitle":"C-DetectDuplicates: Prevent duplicate tasks from being added","messageBody":"Enhances the task addition logic to check for existing duplicates in the TaskList.\n\nPreviously, users could add the exact same task multiple times, cluttering the list. This update:\n- Adds a \u0027containsDuplicate\u0027 method in TaskList using Java Streams.\n- Updates Parser helper methods to throw a ListoException if a duplicate is detected.\n\nThis improves the user experience by maintaining a clean and unique task list.\n","tags":["BCD-Extension","A-FullCommitMessage"],"fileTypesAndContributionMap":{"java":{"insertions":25,"deletions":0}}}]}],"Yeow Chun Siang":[{"date":"2026-02-16T00:00:00","commitResults":[{"hash":"dcafc1532b9f2e09af4830e938eb93dfe20af804","isMergeCommit":true,"messageTitle":"Merge pull request #1 from YeowChunSiang/branch-A-Assertions","messageBody":"A-Assertions: Add assertions","fileTypesAndContributionMap":{}},{"hash":"de0504b5799f2fb9a7e6fc55f2a9b6570fa5841c","isMergeCommit":true,"messageTitle":"Merge pull request #2 from YeowChunSiang/branch-A-CodeQuality","messageBody":"A-CodeQuality: Refactor Parser","fileTypesAndContributionMap":{}},{"hash":"6e34c95f85ee278910ce3f1bd2c09b6038fefd37","isMergeCommit":true,"messageTitle":"Merge pull request #3 from YeowChunSiang/branch-A-Streams","messageBody":"A-Streams: Use Java Streams","fileTypesAndContributionMap":{}},{"hash":"712499b6712f94acad41980cf8752ed54f29474c","isMergeCommit":true,"messageTitle":"Merge pull request #4 from YeowChunSiang/A-CI","messageBody":"Configure GitHub Actions for Continuous Integration","fileTypesAndContributionMap":{}}]},{"date":"2026-02-19T00:00:00","commitResults":[{"hash":"d4f72e2b2b3f8014834aacd7850c178192f1b07b","isMergeCommit":true,"messageTitle":"Merge pull request #5 from YeowChunSiang/branch-C-DetectDuplicates","messageBody":"C-DetectDuplicates: Prevent duplicate tasks from being added","fileTypesAndContributionMap":{}}]}]},"authorFileTypeContributionMap":{"YeowChunSiang":{"java":1512,"md":5,"txt":11},"Yeow Chun Siang":{"java":0,"md":0,"txt":0}},"authorContributionVariance":{"YeowChunSiang":17867.771,"Yeow Chun Siang":0.0},"authorDisplayNameMap":{"YeowChunSiang":"YeowChunSiang","Yeow Chun Siang":"Yeow Chun Siang"}}
