{"authorDailyContributionsMap":{"LEDTOMATO":[{"date":"2026-01-29T00:00:00","commitResults":[{"hash":"95752a1563b15815a8d4256cf01f7e460f9bd97c","isMergeCommit":false,"messageTitle":"Add Greet and rename chatbot","messageBody":"","tags":["Level-0"],"fileTypesAndContributionMap":{"java":{"insertions":12,"deletions":10},"md":{"insertions":3,"deletions":3}}}]},{"date":"2026-01-30T00:00:00","commitResults":[{"hash":"3d749a6f61e64cada7eb0430772ff8b984845768","isMergeCommit":false,"messageTitle":"Add Echo and Exit","messageBody":"","tags":["Level-1"],"fileTypesAndContributionMap":{"java":{"insertions":19,"deletions":6}}},{"hash":"7116f98c72823305a295bf55b627bf6556e0b5de","isMergeCommit":false,"messageTitle":"Add list storage","messageBody":"","tags":["Level-2"],"fileTypesAndContributionMap":{"java":{"insertions":23,"deletions":5}}},{"hash":"3d0fd8f2600fa381990188e37813e28cd645d41f","isMergeCommit":false,"messageTitle":"Add mark and unmark function","messageBody":"","tags":["Level-3"],"fileTypesAndContributionMap":{"java":{"insertions":53,"deletions":8}}},{"hash":"aa533af68a3a409b4102271c327186d908f7d61b","isMergeCommit":false,"messageTitle":"Add ToDo,Even and Deadline types","messageBody":"","tags":["Level-4"],"fileTypesAndContributionMap":{"java":{"insertions":153,"deletions":46}}},{"hash":"0c7a792a4c91cef5429598f408a0d8ed341f14ba","isMergeCommit":false,"messageTitle":"Update test file,add input,except content","messageBody":"","tags":["A-TextUiTesting"],"fileTypesAndContributionMap":{"txt":{"insertions":12,"deletions":0}}},{"hash":"d965061ffb6ad9430b532aa4eae1e3124bc2dffa","isMergeCommit":false,"messageTitle":"Add error handling","messageBody":"","tags":["Level-5"],"fileTypesAndContributionMap":{"txt":{"insertions":2,"deletions":2},"java":{"insertions":36,"deletions":6}}},{"hash":"dd7c0e3886806e038701777f7efe08be624ee0ac","isMergeCommit":false,"messageTitle":"Add delete option","messageBody":"","tags":["Level-6"],"fileTypesAndContributionMap":{"java":{"insertions":38,"deletions":0}}},{"hash":"277cb0a5da7f673fbefc70332fc8f69b2509f89b","isMergeCommit":false,"messageTitle":"Add enums","messageBody":"","tags":["A-Enums"],"fileTypesAndContributionMap":{"java":{"insertions":26,"deletions":15}}}]},{"date":"2026-02-03T00:00:00","commitResults":[{"hash":"b9f44e9eb256b58e6e3fb40543dd2f0231484531","isMergeCommit":false,"messageTitle":"Update mark error and unit test","messageBody":"","fileTypesAndContributionMap":{"txt":{"insertions":1,"deletions":0},"java":{"insertions":38,"deletions":2}}}]},{"date":"2026-02-04T00:00:00","commitResults":[{"hash":"b9b71ef6aeacb5c51b094fb3dbb72b1bc1773a55","isMergeCommit":false,"messageTitle":"Add JavaDoc comments for task action methods","messageBody":"","fileTypesAndContributionMap":{"java":{"insertions":107,"deletions":28}}}]},{"date":"2026-02-05T00:00:00","commitResults":[{"hash":"462d4e46ebc44dd1c3f33d0cac902dedeabbdc20","isMergeCommit":false,"messageTitle":"Add Save function for task","messageBody":"","fileTypesAndContributionMap":{"txt":{"insertions":2,"deletions":0},"java":{"insertions":117,"deletions":1}}},{"hash":"5e11bede3c18d4e255cbf71d1d5ccf42c108d110","isMergeCommit":true,"messageTitle":"Merge branch \u0027branch-Level-7\u0027","messageBody":"","tags":["Level-7"],"fileTypesAndContributionMap":{}}]},{"date":"2026-02-06T00:00:00","commitResults":[{"hash":"b6fb7dc4a406cc531f81062e5a21f3d68cf6d6e5","isMergeCommit":false,"messageTitle":"Use LocalDate for deadline and event tasks","messageBody":"","fileTypesAndContributionMap":{"txt":{"insertions":2,"deletions":1},"java":{"insertions":100,"deletions":29}}},{"hash":"d87ac922fa030bfab2d75ddda3206a91248a3921","isMergeCommit":true,"messageTitle":"Merge branch \u0027branch-Level-8\u0027","messageBody":"","tags":["Level-8"],"fileTypesAndContributionMap":{}},{"hash":"da8f0927dc79aef1d1ba36b5c782372244e5b86d","isMergeCommit":false,"messageTitle":"Update unit test","messageBody":"","fileTypesAndContributionMap":{"txt":{"insertions":5,"deletions":2},"java":{"insertions":2,"deletions":23}}},{"hash":"c9f53939ec60e9e211224f204b5e32ae8a3401a5","isMergeCommit":false,"messageTitle":"Refactor into OOP structure","messageBody":"","fileTypesAndContributionMap":{"java":{"insertions":1021,"deletions":0},"md":{"insertions":3,"deletions":3}}},{"hash":"7a20402297e790120f57e1977ff755bbb99e1d80","isMergeCommit":false,"messageTitle":"Refactor into OOP structure","messageBody":"","tags":["A-MoreOOP"],"fileTypesAndContributionMap":{"java":{"insertions":0,"deletions":555}}},{"hash":"9fd0aefef3b9bb7d1cae2fbc752fdd5e9ed8053e","isMergeCommit":false,"messageTitle":"Implement A-Packages","messageBody":"","tags":["A-Packages"],"fileTypesAndContributionMap":{"txt":{"insertions":3,"deletions":5}}},{"hash":"d247b20e35f0473274d1b487b98774f9d60f3041","isMergeCommit":false,"messageTitle":"Save current work before merging Gradle support","messageBody":"","fileTypesAndContributionMap":{"txt":{"insertions":0,"deletions":3}}},{"hash":"531b5fb0137306f77a7f0dc64d037291537a0ccf","isMergeCommit":false,"messageTitle":"Add JUnit tests for TaskList, Todo, and Deadline classes","messageBody":"","tags":["A-Jar","A-JUnit"],"fileTypesAndContributionMap":{"java":{"insertions":187,"deletions":0}}},{"hash":"ceed5cc287dbbc0352bcf9f229ac1b4af379de33","isMergeCommit":false,"messageTitle":"Add JavaDoc comments to all classes and methods","messageBody":"","tags":["A-JavaDoc","A-CodingStandard"],"fileTypesAndContributionMap":{"txt":{"insertions":3,"deletions":0}}},{"hash":"c069a543e5264a982168efbf14a440a205bded14","isMergeCommit":false,"messageTitle":"Implement Level-9: Find tasks by keyword","messageBody":"","tags":["Level-9"],"fileTypesAndContributionMap":{"java":{"insertions":2,"deletions":4}}},{"hash":"52af04eb6cc1d1c276ed60ed8cde7c607c2b0404","isMergeCommit":false,"messageTitle":"Implement A-Cheer","messageBody":"","tags":["A-Cheer"],"fileTypesAndContributionMap":{"txt":{"insertions":10,"deletions":0},"java":{"insertions":84,"deletions":0}}}]},{"date":"2026-02-13T00:00:00","commitResults":[{"hash":"b11f2f07d718cc303432d25021450bcd4dce1abc","isMergeCommit":false,"messageTitle":"Add JavaFX GUI","messageBody":"","tags":["Level-10"],"fileTypesAndContributionMap":{"txt":{"insertions":4,"deletions":1},"java":{"insertions":273,"deletions":72}}},{"hash":"64d6fb66339c6e11cf31891903175c3ce646015d","isMergeCommit":false,"messageTitle":"Add unit tests with descriptive comments","messageBody":"","tags":["A-UnitTesting"],"fileTypesAndContributionMap":{"java":{"insertions":15,"deletions":0}}}]},{"date":"2026-02-20T00:00:00","commitResults":[{"hash":"855990ad32aac97653fd15c0acdee9aa80d94db0","isMergeCommit":false,"messageTitle":"Add assertions to validate assumptions","messageBody":"Added assert statements throughout the codebase to document and verify important assumptions that should hold during program execution. Assertions were added to TaskList class to verify indices are within bounds and tasks are not null,  Parser class to validate input strings are not null or empty. These assertions serve as executable documentation and help catch programming errors early during development and testing.\n","fileTypesAndContributionMap":{"txt":{"insertions":1,"deletions":0},"java":{"insertions":55,"deletions":47}}},{"hash":"1277e41d5c1dd54362bbcef63e5acb7192be46df","isMergeCommit":false,"messageTitle":"Improve code quality following  code principles","messageBody":"Performed comprehensive code review and refactoring to improve readability and maintainability following clean code principles. Key improvements include  extracting magic numbers into well-named constants, reducing nesting depth using early returns and guard clauses, improving code formatting and spacing for better readability. These changes make the codebase easier to understand, test, and maintain for future development.\n","fileTypesAndContributionMap":{"java":{"insertions":214,"deletions":70}}},{"hash":"77d5fedc0d69d4466997765cdc716e5dca2ebe9c","isMergeCommit":false,"messageTitle":"Use Java Streams for collection operations","messageBody":"","fileTypesAndContributionMap":{"java":{"insertions":5,"deletions":7}}},{"hash":"4ca335fd7993ab92a56eb4392a8df5487aa51013","isMergeCommit":true,"messageTitle":"Merge pull request #1 from LEDTOMATO/branch-A-Assertions","messageBody":"Add assertions to validate assumptions","tags":["A-Assertions"],"fileTypesAndContributionMap":{}},{"hash":"aebe118246a4547c65afd64b521513183dc6f9ad","isMergeCommit":true,"messageTitle":"Merge master into branch-A-CodeQuality","messageBody":"","fileTypesAndContributionMap":{}},{"hash":"e9ceabe043315badd535c0bc8781156ea34f66d6","isMergeCommit":true,"messageTitle":"Merge master into branch-A-Streams","messageBody":"","fileTypesAndContributionMap":{}},{"hash":"493a246825a1b50551cca6a9e2d3ac416d10cb53","isMergeCommit":true,"messageTitle":"Merge pull request #2 from LEDTOMATO/branch-A-CodeQuality","messageBody":"Improve code quality following  code principles","tags":["A-CodeQuality"],"fileTypesAndContributionMap":{}},{"hash":"c1343f1b868cd44e385771bb97093cc2143c5534","isMergeCommit":true,"messageTitle":"Merge pull request #3 from LEDTOMATO/branch-A-Streams","messageBody":"Use Java Streams for collection operations","tags":["A-Streams"],"fileTypesAndContributionMap":{}}]},{"date":"2026-02-21T00:00:00","commitResults":[{"hash":"0794e5314cbf8ff55eb5e6e79f8b6d0dc7af9177","isMergeCommit":false,"messageTitle":"Add D-Places extension to manage restaurant information","messageBody":"","tags":["BCD-Extension"],"fileTypesAndContributionMap":{"txt":{"insertions":2,"deletions":0},"java":{"insertions":151,"deletions":5}}}]}]},"authorFileTypeContributionMap":{"LEDTOMATO":{"java":1799,"md":3,"txt":33}},"authorContributionVariance":{"LEDTOMATO":86072.37},"authorDisplayNameMap":{"LEDTOMATO":"LEDTOMATO"}}
