{"authorDailyContributionsMap":{"TEC-wert11":[{"date":"2026-02-01T00:00:00","commitResults":[{"hash":"fa301420d1d14e2b7446d92a929b6e68c74b8a9f","isMergeCommit":false,"messageTitle":"level 0: rename chatbot and print greeting","messageBody":"","tags":["level-0","Level-0"],"fileTypesAndContributionMap":{"java":{"insertions":10,"deletions":10}}},{"hash":"b5b55128e859336875098fe2b961d045d83c99ac","isMergeCommit":false,"messageTitle":"level 1: echo","messageBody":"","tags":["level-1","Level-1"],"fileTypesAndContributionMap":{"java":{"insertions":14,"deletions":0}}},{"hash":"8e716e4558ff87fc03d2caa985b6e7101f3b13ef","isMergeCommit":false,"messageTitle":"level 2: add, list","messageBody":"","tags":["level-2","Level-2"],"fileTypesAndContributionMap":{"java":{"insertions":36,"deletions":6}}},{"hash":"be8915b9796ee52080d93d7438500aa8fb3a9342","isMergeCommit":false,"messageTitle":"level 3: mark as done","messageBody":"","tags":["level-3","Level-3"],"fileTypesAndContributionMap":{"java":{"insertions":69,"deletions":12}}},{"hash":"2c63cb69d10af64369d6d95d6f4a8d48834f7f53","isMergeCommit":false,"messageTitle":"level 4: todo, event, deadline","messageBody":"","tags":["level-4","Level-4"],"fileTypesAndContributionMap":{"java":{"insertions":101,"deletions":37}}},{"hash":"1ebf4d980d92c50049163be763c0c049318a90ca","isMergeCommit":false,"messageTitle":"level 5: handle errors","messageBody":"","tags":["level-5","Level-5"],"fileTypesAndContributionMap":{"java":{"insertions":49,"deletions":19}}},{"hash":"3bfa297b0378380123da20764c48098659d9c23a","isMergeCommit":false,"messageTitle":"level 6: delete","messageBody":"","tags":["level-6","Level-6"],"fileTypesAndContributionMap":{"java":{"insertions":25,"deletions":0}}}]},{"date":"2026-02-04T00:00:00","commitResults":[{"hash":"ff92d862e40247a3cd2f52551a2c8650a0d6fa47","isMergeCommit":false,"messageTitle":"text-ui-test: input.txt and output.txt","messageBody":"","tags":["A-TextUiTesting"],"fileTypesAndContributionMap":{"txt":{"insertions":12,"deletions":0}}}]},{"date":"2026-02-08T00:00:00","commitResults":[{"hash":"48149b14bb937a725569e6215649c259a010d2b8","isMergeCommit":false,"messageTitle":"Level 7: Save","messageBody":"","fileTypesAndContributionMap":{"txt":{"insertions":0,"deletions":0},"java":{"insertions":101,"deletions":1}}},{"hash":"57278b3dda33933476931854502bb08c90d568c2","isMergeCommit":true,"messageTitle":"Merge branch \u0027branch-level-7\u0027","messageBody":"","tags":["Level-7"],"fileTypesAndContributionMap":{}},{"hash":"a49f5654f802e65e07e314b7ea0df30704536e5e","isMergeCommit":false,"messageTitle":"Level 8: Dates and Times","messageBody":"","fileTypesAndContributionMap":{"java":{"insertions":146,"deletions":79}}},{"hash":"4c2bfd91877eb8c3160d19531501fa633ef5c365","isMergeCommit":true,"messageTitle":"Merge branch \u0027branch-level-8\u0027","messageBody":"","tags":["Level-8"],"fileTypesAndContributionMap":{}}]},{"date":"2026-02-09T00:00:00","commitResults":[{"hash":"7fa6ee215ae73504bf56f6e6a47e5002dc078e7f","isMergeCommit":false,"messageTitle":"Level-A-MoreOOP","messageBody":"","fileTypesAndContributionMap":{"java":{"insertions":386,"deletions":224}}},{"hash":"082c75e2acfc0aa559efc7b53539bc1128fa9c82","isMergeCommit":true,"messageTitle":"Merge branch \u0027branch-A-MoreOOP\u0027","messageBody":"","tags":["A-MoreOOP"],"fileTypesAndContributionMap":{}},{"hash":"976b79e5a862f66105a9d6e49471f9a4a4b9c707","isMergeCommit":false,"messageTitle":"Level-A-Package: put classes into package","messageBody":"","fileTypesAndContributionMap":{"txt":{"insertions":0,"deletions":12},"java":{"insertions":16,"deletions":4}}}]},{"date":"2026-02-10T00:00:00","commitResults":[{"hash":"daf93a8e069e99fdcf227de49b0dabbe1a0bfb1b","isMergeCommit":true,"messageTitle":"Merge branch \u0027branch-A-Package\u0027","messageBody":"","tags":["A-Package"],"fileTypesAndContributionMap":{}}]},{"date":"2026-02-13T00:00:00","commitResults":[{"hash":"63f6f92271e60ee00cbc20270de570308afa31f3","isMergeCommit":false,"messageTitle":"Level A-JUnit: added JUnit test for 3 classes: Parser, TaskList, Task","messageBody":"","fileTypesAndContributionMap":{"java":{"insertions":100,"deletions":0}}},{"hash":"19b214888d3f3f4ee757d419795fec5c74fa93f3","isMergeCommit":true,"messageTitle":"Merge branch \u0027branch-A-JUnit\u0027","messageBody":"","tags":["A-Jar","A-JUnit"],"fileTypesAndContributionMap":{}},{"hash":"ce3390baec593733387ed917039806ee3784584e","isMergeCommit":false,"messageTitle":"level A JavaDoc: added javadoc comments to most classes and methods","messageBody":"","fileTypesAndContributionMap":{"java":{"insertions":123,"deletions":3}}},{"hash":"c1e7d67e7424f5dd2d6d05547adcb047d903f224","isMergeCommit":true,"messageTitle":"Merge branch \u0027branch-A-JavaDoc\u0027","messageBody":"","tags":["A-JavaDoc"],"fileTypesAndContributionMap":{}},{"hash":"12c51ff9f45fb5398c27e02f009734f0be24e840","isMergeCommit":false,"messageTitle":"A-CodingStandard: changed some code to comply with coding standards. Not fully done yet.","messageBody":"","fileTypesAndContributionMap":{"java":{"insertions":18,"deletions":8}}},{"hash":"1b03fd950db52e00a38429a392f9c9cdfd45cd9c","isMergeCommit":true,"messageTitle":"Merge branch \u0027branch-A-CodingStandard\u0027","messageBody":"","tags":["A-CodingStandard"],"fileTypesAndContributionMap":{}},{"hash":"63d788c4c9104b55da0f57ed8e27b78573687ab3","isMergeCommit":false,"messageTitle":"level-9: added method to handle \"find\". which finds tasks that fits description from current task list.","messageBody":"","fileTypesAndContributionMap":{"java":{"insertions":33,"deletions":0}}},{"hash":"44754910aa463dedbf8b02d2b5174bef67279554","isMergeCommit":true,"messageTitle":"Merge branch \u0027branch-Level-9\u0027","messageBody":"# Conflicts:\n#\tsrc/main/java/wertinator/Wertinator.java\n","tags":["Level-9"],"fileTypesAndContributionMap":{}},{"hash":"578f0dca142731fe168650dea1b68e25fbf79c99","isMergeCommit":false,"messageTitle":"A-Cheer: added \"cheer\" command handling. 4 lines in cheer.txt","messageBody":"","fileTypesAndContributionMap":{"txt":{"insertions":4,"deletions":0},"java":{"insertions":52,"deletions":0}}},{"hash":"0c7a48c519257e27333ebcaf096ec3d5dbf83349","isMergeCommit":true,"messageTitle":"Merge branch \u0027branch-A-Cheer\u0027","messageBody":"# Conflicts:\n#\tsrc/main/java/wertinator/Wertinator.java\n","tags":["A-Cheer"],"fileTypesAndContributionMap":{}}]}]},"authorFileTypeContributionMap":{"TEC-wert11":{"java":896,"md":0,"txt":4}},"authorContributionVariance":{"TEC-wert11":16354.662},"authorDisplayNameMap":{"TEC-wert11":"TEC-wert11"}}
