{"authorDailyContributionsMap":{"Indirapratibha":[{"date":"2026-02-16T00:00:00","commitResults":[{"hash":"0d4989d66ecb576086a94f6962c24ec4a3f7787d","isMergeCommit":true,"messageTitle":"Merge pull request #1 from IV-pratibha-0912/branch-A-Assertions","messageBody":"A-Assertions: Use assertions","tags":["A-Assertions"],"fileTypesAndContributionMap":{}},{"hash":"1cf05d043c730ec79bf991a77559285485cd0d92","isMergeCommit":true,"messageTitle":"Merge pull request #2 from IV-pratibha-0912/branch-A-CodeQuality","messageBody":"A-CodeQuality","tags":["A-Streams","A-CodeQuality"],"fileTypesAndContributionMap":{}}]}],"LAPTOP-RK1BUFU5\\Indirapratibha":[{"date":"2026-01-28T00:00:00","commitResults":[{"hash":"50d6a47415e65986f20202937f9c83308a7c7ec4","isMergeCommit":false,"messageTitle":"Renamed Duke.java to Vinux.java and implemented Level-0","messageBody":"","tags":["Level-0"],"fileTypesAndContributionMap":{"java":{"insertions":22,"deletions":10}}},{"hash":"ab2bcba240eb46072a544dcc23a8eb616e13273b","isMergeCommit":false,"messageTitle":"Level-1: improved Vinux to echo the user interface back to the user","messageBody":"","tags":["Level-1"],"fileTypesAndContributionMap":{"java":{"insertions":33,"deletions":2}}},{"hash":"169930238ac321fe1efb6d70a6532ea8cddcdf2b","isMergeCommit":false,"messageTitle":"Level-2: store text entered by user and return to them, using arrays","messageBody":"","tags":["Level-2"],"fileTypesAndContributionMap":{"java":{"insertions":32,"deletions":18}}},{"hash":"b6e543529a24073f42972a44f4b56d58467da5f5","isMergeCommit":false,"messageTitle":"Level-3: mark tasks as done and undone","messageBody":"","tags":["Level-3"],"fileTypesAndContributionMap":{"java":{"insertions":25,"deletions":2}}}]},{"date":"2026-01-29T00:00:00","commitResults":[{"hash":"ec2bf72b0caf4618181f221f8a25b223aa8fcb7d","isMergeCommit":false,"messageTitle":"Level-4: added the ability to distinguish between type of tasks","messageBody":"","tags":["Level-4"],"fileTypesAndContributionMap":{"java":{"insertions":51,"deletions":2}}},{"hash":"9d6e18f71ab2f2ca1825c4b11493927855563ec9","isMergeCommit":false,"messageTitle":"A-TextUiTesting: semi-automated the testing of Vinux","messageBody":"","tags":["A-TextUiTesting"],"fileTypesAndContributionMap":{"txt":{"insertions":10,"deletions":0},"java":{"insertions":2,"deletions":2}}}]},{"date":"2026-01-30T00:00:00","commitResults":[{"hash":"cead4ba117dc3c448bc04b28c4f7db32ebe776d0","isMergeCommit":false,"messageTitle":"Level-5: added error handling","messageBody":"","tags":["Level-5"],"fileTypesAndContributionMap":{"java":{"insertions":157,"deletions":67}}},{"hash":"a1cf3ef9fa5095154ec7f5dc5e1e2584c17607a4","isMergeCommit":false,"messageTitle":"Update text UI tests for error handling","messageBody":"","fileTypesAndContributionMap":{"txt":{"insertions":6,"deletions":6}}},{"hash":"770a52ac6c12aa2fa257e61dd475b78f54dc4796","isMergeCommit":false,"messageTitle":"Level-6: added delete feature","messageBody":"","tags":["Level-6"],"fileTypesAndContributionMap":{"java":{"insertions":40,"deletions":1}}},{"hash":"f3f54d3602681a46b6d02416374ded3bf6dba40b","isMergeCommit":false,"messageTitle":"Update text UI tests for delete feature","messageBody":"","fileTypesAndContributionMap":{"txt":{"insertions":7,"deletions":6}}},{"hash":"e0726063e7a18b02eee929410db70d649e0228f9","isMergeCommit":false,"messageTitle":"A-Enums: added enums to enhance the code structure and updated some naming conventions according to the coding standards","messageBody":"","tags":["A-Enums"],"fileTypesAndContributionMap":{"java":{"insertions":67,"deletions":24}}}]},{"date":"2026-02-04T00:00:00","commitResults":[{"hash":"0886f5faa6a10f705c37ad84122a0bf1e791ec0c","isMergeCommit":false,"messageTitle":"Implement save and load functionality","messageBody":"","fileTypesAndContributionMap":{"java":{"insertions":506,"deletions":232}}},{"hash":"50e5cff2211b9216935c05540f86899668d70fcc","isMergeCommit":true,"messageTitle":"Merge branch \u0027branch-Level-7\u0027","messageBody":"","tags":["Level-7"],"fileTypesAndContributionMap":{}},{"hash":"d8482758f0a56b80676cbd8f6ab7100df4ac41da","isMergeCommit":false,"messageTitle":"Update text UI tests for Level-7","messageBody":"","fileTypesAndContributionMap":{"txt":{"insertions":17,"deletions":4}}},{"hash":"5c8dedb482014566bb6d179af16e4e73013fc35f","isMergeCommit":false,"messageTitle":"Fix coding standard issues based on comments","messageBody":"","fileTypesAndContributionMap":{"java":{"insertions":55,"deletions":53}}}]},{"date":"2026-02-05T00:00:00","commitResults":[{"hash":"c31b26f83ea907b03adbe91e7645489a6ea0abe4","isMergeCommit":false,"messageTitle":"Level-8: teach chatbot date formats and updated logic flow","messageBody":"","fileTypesAndContributionMap":{"java":{"insertions":103,"deletions":39}}},{"hash":"60b8a6ccab8a515fcad8ab0e6b1458ed6c0fcc4c","isMergeCommit":true,"messageTitle":"Merge branch \u0027branch-Level-8\u0027","messageBody":"","tags":["Level-8"],"fileTypesAndContributionMap":{}},{"hash":"75a573da8582e956c74f3e601d23fecd76364a02","isMergeCommit":false,"messageTitle":"Refactor code to use OOP principles (A-MoreOOP + Level-8)","messageBody":"","fileTypesAndContributionMap":{"java":{"insertions":970,"deletions":578}}},{"hash":"1c358fc2ece33b8cb46f962d465b856414361f2a","isMergeCommit":true,"messageTitle":"Merge branch \u0027branch-A-MoreOOP\u0027","messageBody":"","tags":["A-Packages","A-MoreOOP"],"fileTypesAndContributionMap":{}},{"hash":"8fc3690a4bb0fff1be9a65865526d6797c22619b","isMergeCommit":false,"messageTitle":"TextUiTesting: Add automated text UI tests","messageBody":"","fileTypesAndContributionMap":{"txt":{"insertions":9,"deletions":2}}}]},{"date":"2026-02-06T00:00:00","commitResults":[{"hash":"a76394ee9f91996c501b050ceae744f3484985f3","isMergeCommit":false,"messageTitle":"Fix toString spacing in Task class","messageBody":"","fileTypesAndContributionMap":{"java":{"insertions":41,"deletions":1}}},{"hash":"e9c37ae1307837bafc8d935aa9be4df6617ca295","isMergeCommit":false,"messageTitle":"A-JUnit: Add comprehensive JUnit tests","messageBody":"","tags":["A-Jar","A-JUnit"],"fileTypesAndContributionMap":{"java":{"insertions":560,"deletions":11}}},{"hash":"378148307b20523c7f8fe30b70a04664f7f86e52","isMergeCommit":false,"messageTitle":"A-JavaDoc: Add Javadoc comments to test files","messageBody":"","tags":["A-JavaDoc"],"fileTypesAndContributionMap":{"txt":{"insertions":1,"deletions":0},"java":{"insertions":53,"deletions":0}}},{"hash":"37d8f2b6c525d81e076a3ed610686033cfbb67c8","isMergeCommit":false,"messageTitle":"Level-9: Add find feature for tasks","messageBody":"","tags":["Level-9"],"fileTypesAndContributionMap":{"txt":{"insertions":3,"deletions":0},"java":{"insertions":61,"deletions":0}}},{"hash":"001698ab66e5d102e0125a425a40989cb9e59956","isMergeCommit":false,"messageTitle":"A-Cheer: Add cheer command to display random quotes","messageBody":"","tags":["A-Cheer"],"fileTypesAndContributionMap":{"txt":{"insertions":5,"deletions":0},"java":{"insertions":57,"deletions":2}}},{"hash":"5f37c29a755ce71191ee8246f3e0c9d25f3df826","isMergeCommit":true,"messageTitle":"Merge branch \u0027branch-Level-9\u0027","messageBody":"","fileTypesAndContributionMap":{}},{"hash":"daf7f746e457ca75fb0252a0777a851bd1803bb7","isMergeCommit":true,"messageTitle":"resolved conflict and merged A-Cheer branch into master","messageBody":"","fileTypesAndContributionMap":{}}]},{"date":"2026-02-10T00:00:00","commitResults":[{"hash":"9ac251603004a145724741e6122d1f8a1e115f12","isMergeCommit":false,"messageTitle":"Add Checkstyle and fix coding style violations","messageBody":"","fileTypesAndContributionMap":{"java":{"insertions":124,"deletions":112}}},{"hash":"88000aca780795ec5b8a25f61777c4ac56012dc9","isMergeCommit":true,"messageTitle":"Add Checkstyle and fix coding style violations","messageBody":"Code style is not enforced automatically, making it easy for\nviolations to go unnoticed.\n\nLet\u0027s add Checkstyle configuration and fix all violations:\n* Fix import order across all main and test files\n* Fix switch statement indentation in Vinux and Storage\n* Fix declaration order in Deadline and Ui\n* Remove unused imports\n* Ensure all files end with a newline\n* Update caseIndent to 4 in checkstyle.xml to match IntelliJ style\"Merge branch \u0027branch-A-CheckStyle\u0027\n","tags":["A-CheckStyle"],"fileTypesAndContributionMap":{}}]},{"date":"2026-02-11T00:00:00","commitResults":[{"hash":"b37ac1dc52b0c1528a7d9024341240408d7a1bc2","isMergeCommit":false,"messageTitle":"Update build.gradle","messageBody":"","fileTypesAndContributionMap":{"txt":{"insertions":4,"deletions":1},"java":{"insertions":12,"deletions":0}}},{"hash":"6556131769fd21320ce115b4f015f67532508d46","isMergeCommit":false,"messageTitle":"Create Main.java","messageBody":"","fileTypesAndContributionMap":{"java":{"insertions":34,"deletions":0}}},{"hash":"46a725349e6110754b25925d841fbb5eabf5868c","isMergeCommit":false,"messageTitle":"Create MainWindow.java","messageBody":"","fileTypesAndContributionMap":{"java":{"insertions":61,"deletions":0}}},{"hash":"b4db9499d1ffbc5a088b9e00790cb9a6f14f4620","isMergeCommit":false,"messageTitle":"Create DialogBox.java","messageBody":"","fileTypesAndContributionMap":{"java":{"insertions":62,"deletions":0}}},{"hash":"9af45366eec3865e0a3efbbda85d7234935aa571","isMergeCommit":false,"messageTitle":"Update Vinux.java","messageBody":"","fileTypesAndContributionMap":{"java":{"insertions":138,"deletions":0}}},{"hash":"b46ace77af1b587728b560510e1eb3c874faaa45","isMergeCommit":false,"messageTitle":"Add logo","messageBody":"","fileTypesAndContributionMap":{"txt":{"insertions":1,"deletions":0},"java":{"insertions":13,"deletions":2}}},{"hash":"ff8fb327b9362b89f8ff46643d9f37761fc1eac5","isMergeCommit":false,"messageTitle":"Customize Vinux","messageBody":"","fileTypesAndContributionMap":{"java":{"insertions":1,"deletions":0}}},{"hash":"40e8e29ed7755cda19a26018744aee773af330cd","isMergeCommit":false,"messageTitle":"Add GUI to Vinux","messageBody":"","tags":["Level-10"],"fileTypesAndContributionMap":{"txt":{"insertions":5,"deletions":7},"java":{"insertions":142,"deletions":46}}}]},{"date":"2026-02-12T00:00:00","commitResults":[{"hash":"8e68ae790bc696205cb1dffc9cf116f9c7d11df1","isMergeCommit":false,"messageTitle":"Use Java varargs feature","messageBody":"","tags":["A-Varargs"],"fileTypesAndContributionMap":{"java":{"insertions":68,"deletions":25}}},{"hash":"5bef1baf2da914883f7d0aa53d1153454c24bbab","isMergeCommit":false,"messageTitle":"Write unit tests","messageBody":"","tags":["A-UnitTesting"],"fileTypesAndContributionMap":{"java":{"insertions":212,"deletions":83}}}]},{"date":"2026-02-13T00:00:00","commitResults":[{"hash":"6ce2e60a139d238ad87310535fcddfd41c56da1a","isMergeCommit":false,"messageTitle":"Add clear feature","messageBody":"","fileTypesAndContributionMap":{"txt":{"insertions":0,"deletions":5},"java":{"insertions":44,"deletions":0}}}]},{"date":"2026-02-16T00:00:00","commitResults":[{"hash":"1b3663b92fd0bd4424035e08472f8985401593be","isMergeCommit":false,"messageTitle":"Add assertions to document key assumptions","messageBody":"Java assertions are not used in the codebase, making it harder to catch bugs caused by violated assumptions during development and testing.\n\nAdd assert statements to TaskList, Parser, and Vinux to document assumptions about valid indices, non-null inputs, and correct state after operations. Enable assertions in Gradle run task.\n","fileTypesAndContributionMap":{"java":{"insertions":32,"deletions":0}}},{"hash":"37adcfe4604415f45b177e22f35cbbd81598c07f","isMergeCommit":false,"messageTitle":"A-CodeQuality: Improve code quality in Parser and Vinux","messageBody":"Code review identified magic numbers in Parser.java substring calls and misaligned switch-case indentation in Vinux.java, both of which reduce code readability.\n\nReplace magic numbers 5, 6, 9, 7, 5, 3 in Parser.java with named constants TODO_PREFIX_LENGTH, DEADLINE_PREFIX_LENGTH, EVENT_PREFIX_LENGTH, FROM_KEYWORD_LENGTH, TO_KEYWORD_LENGTH, and BY_KEYWORD_LENGTH. Fix switch-case alignment in Vinux.java to follow Java coding standards where case labels align with the switch keyword\n","fileTypesAndContributionMap":{"java":{"insertions":84,"deletions":76}}},{"hash":"9f7ee050db9b63845cefb6526c4af3e7e6a628c0","isMergeCommit":false,"messageTitle":"Use Java Streams in TaskList operations","messageBody":"Task searching and counting use traditional for-loops.\n\nReplace findTasks() loop with stream filter and forEach operations. Update getAllTasks() to use stream collect. Add getTaskSummary() using streams to count tasks by type and completion status.\n","fileTypesAndContributionMap":{"java":{"insertions":54,"deletions":17}}},{"hash":"d8a59cd1e047b2e6dbf065f975912989e72765ad","isMergeCommit":false,"messageTitle":"Fix failing CI tests caused by assertion checks in TaskList","messageBody":"","fileTypesAndContributionMap":{"java":{"insertions":3,"deletions":3}}},{"hash":"5d63ac5a330795521da2ffbba3b8f044ad7b6c08","isMergeCommit":false,"messageTitle":"Add help command to list all available commands","messageBody":"Users have no way to discover available commands without external documentation, making the app harder to use for new users.\n\nAdd a help command that displays all available commands and their formats in a blue-themed dialog bubble. Update the default error message to suggest typing help when an unknown command is entered.\n","tags":["BCD-Extension"],"fileTypesAndContributionMap":{"txt":{"insertions":5,"deletions":15},"java":{"insertions":26,"deletions":1}}}]},{"date":"2026-02-19T00:00:00","commitResults":[{"hash":"0b742925fda3e795dd91492e5743aff7276b18c6","isMergeCommit":false,"messageTitle":"Add Expense.java","messageBody":"","fileTypesAndContributionMap":{"java":{"insertions":75,"deletions":0}}}]},{"date":"2026-02-22T00:00:00","commitResults":[{"hash":"7c0c3b7f12e9bfcd5d0e07de21e9a9cdcb242ce0","isMergeCommit":false,"messageTitle":"Implement D-Expenses as an extra feature","messageBody":"","fileTypesAndContributionMap":{"txt":{"insertions":4,"deletions":0},"java":{"insertions":512,"deletions":36}}},{"hash":"04776508054cf90a3bbbfbfa9e76720dccbf504c","isMergeCommit":false,"messageTitle":"Implement D-Expenses as an additional feature","messageBody":"","fileTypesAndContributionMap":{"java":{"insertions":1,"deletions":1}}},{"hash":"fef1f4cab8cf66d1e8b4c66db7f262611b611e11","isMergeCommit":true,"messageTitle":"Implement D-Expenses as an additional feature","messageBody":"","fileTypesAndContributionMap":{}}]}]},"authorFileTypeContributionMap":{"Indirapratibha":{"java":0,"md":0,"txt":0},"LAPTOP-RK1BUFU5\\Indirapratibha":{"java":3097,"md":0,"txt":31}},"authorContributionVariance":{"Indirapratibha":0.0,"LAPTOP-RK1BUFU5\\Indirapratibha":87657.45},"authorDisplayNameMap":{"Indirapratibha":"Indirapratibha","LAPTOP-RK1BUFU5\\Indirapratibha":"LAPTOP-RK1BUFU5\\Indirapratibha"}}
